ISO code,Country,S&P Rating,S&P Outlook,Moody's rating,Moody's Outlook,Fitch Rating,Fitch Outlook,Date (MM/YYYY)
AL,Albania,B+,STA,B1,STA,,,03/2013
AL,Albania,B1,STABLE,B1,STABLE,,,03/01/2013
AL,Albania,B+,STABLE,B1,STABLE,,,12/10/2012
AL,Albania,B+,STABLE,B1,STABLE,,,26/07/2012
AL,Albania,B+,STABLE,B1,STABLE,,,08/06/2012
AL,Albania,B+,STABLE,B1,STABLE,,,15/03/2012
AL,Albania,B+,STABLE,B1,STABLE,,,28/02/2012
AL,Albania,B+,STABLE,B1,STABLE,,,01/2012
AL,Albania,B+,STABLE,B1,STABLE,,,12/2011
AL,Albania,B+,STABLE,B1,STABLE,,,09/2011
AL,Albania,B+,STABLE,B1,STABLE,,,04/2010
AD,Andorra,A-,NEG,,,,,03/2013
AD,Andorra,A-,NEGATIVE,,,,,03/01/2013
AD,Andorra,A,NEGATIVE,,,,,12/10/2012
AD,Andorra,A,NEGATIVE,,,,,26/07/2012
AD,Andorra,A,NEGATIVE,,,,,08/06/2012
AD,Andorra,A,NEGATIVE,,,,,15/03/2012
AD,Andorra,A,NEGATIVE,,,,,28/02/2012
AD,Andorra,A,NEGATIVE,,,,,01/2012
AD,Andorra,A,NEGATIVE,,,,,12/2011
AD,Andorra,A,NEGATIVE,,,,,09/2011
AD,Andorra,A,NEGATIVE,,,,,04/2010
AO,Angola,BB-,STA,Ba3,POS,BB-,POS,03/2013
AO,Angola,BB-,STABLE,Ba3,POSITIVE,BB-,POSITIVE,03/01/2013
AO,Angola,BB-,STABLE,Ba3,POSITIVE,BB-,POSITIVE,12/10/2012
AO,Angola,BB-,STABLE,Ba3,STABLE,BB-,POSITIVE,26/07/2012
AO,Angola,BB-,STABLE,Ba3,STABLE,BB-,STABLE,08/06/2012
AO,Angola,BB-,STABLE,Ba3,STABLE,BB-,STABLE,15/03/2012
AO,Angola,BB-,STABLE,Ba3,STABLE,BB-,STABLE,28/02/2012
AO,Angola,BB-,STABLE,Ba3,STABLE,BB-,STABLE,01/2012
AO,Angola,BB-,STABLE,Ba3,STABLE,BB-,STABLE,12/2011
AO,Angola,BB-,STABLE,Ba3,STABLE,BB-,STABLE,09/2011
AR,Argentina,B-,NEG,B3,NEG,CC,NEG,03/2013
AR,Argentina,B-,NEGATIVE,B3,NEGATIVE,CC,,03/01/2013
AR,Argentina,B,NEGATIVE,B3,NEGATIVE,B,STABLE,12/10/2012
AR,Argentina,B,NEGATIVE,B3,STABLE,B,STABLE,26/07/2012
AR,Argentina,B,STABLE,B3,STABLE,B,STABLE,08/06/2012
AR,Argentina,B,STABLE,B3,STABLE,B,STABLE,15/03/2012
AR,Argentina,B,STABLE,B3,STABLE,B,STABLE,28/02/2012
AR,Argentina,B,STABLE,B3,STABLE,B,STABLE,01/2012
AR,Argentina,B,STABLE,B3,STABLE,B,STABLE,12/2011
AR,Argentina,B,STABLE,B3,STABLE,B,STABLE,09/2011
AR,Argentina,B,STABLE,B3,STABLE,B,STABLE,04/2010
AM,Armenia,,,Ba2,NEG,BB-,STA,03/2013
AM,Armenia,,,Ba2,NEGATIVE,BB-,STABLE,03/01/2013
AM,Armenia,,,Ba2,NEGATIVE,BB-,STABLE,12/10/2012
AM,Armenia,,,Ba2,NEGATIVE,BB-,STABLE,26/07/2012
AM,Armenia,,,Ba2,NEGATIVE,BB-,STABLE,08/06/2012
AM,Armenia,,,Ba2,NEGATIVE,BB-,STABLE,15/03/2012
AM,Armenia,,,Ba2,NEGATIVE,BB-,STABLE,28/02/2012
AM,Armenia,,,Ba2,NEGATIVE,BB-,STABLE,01/2012
AM,Armenia,,,Ba2,NEGATIVE,BB-,STABLE,12/2011
AM,Armenia,,,Ba2,STABLE,BB-,STABLE,09/2011
AW,Aruba,A-,NEG,,,BBB,STA,03/2013
AW,Aruba,A-,NEGATIVE,,,BBB,STABLE,03/01/2013
AW,Aruba,A-,STABLE,,,BBB,STABLE,12/10/2012
AW,Aruba,A-,STABLE,,,BBB,STABLE,26/07/2012
AW,Aruba,A-,STABLE,,,BBB,STABLE,08/06/2012
AW,Aruba,A-,STABLE,,,BBB,STABLE,15/03/2012
AW,Aruba,A-,STABLE,,,BBB,STABLE,28/02/2012
AW,Aruba,A-,STABLE,,,BBB,STABLE,01/2012
AW,Aruba,A-,STABLE,,,BBB,STABLE,12/2011
AW,Aruba,A-,NEGATIVE,,,BBB,STABLE,09/2011
AW,Aruba,A-,NEGATIVE,,,BBB,STABLE,04/2010
AU,Australia,AAA,STA,Aaa,STA,AAA,STA,03/2013
AU,Australia,AAA,STABLE,Aaa,STABLE,AAA,STABLE,03/01/2013
AU,Australia,AAA,STABLE,Aaa,STABLE,AAA,STABLE,12/10/2012
AU,Australia,AAA,STABLE,Aaa,STABLE,AAA,STABLE,26/07/2012
AU,Australia,AAA,STABLE,Aaa,STABLE,AAA,STABLE,08/06/2012
AU,Australia,AAA,STABLE,Aaa,STABLE,AAA,STABLE,15/03/2012
AU,Australia,AAA,STABLE,Aaa,STABLE,AAA,STABLE,28/02/2012
AU,Australia,AAA,STABLE,Aaa,STABLE,AAA,STABLE,01/2012
AU,Australia,AAA,STABLE,Aaa,STABLE,AA+,STABLE,12/2011
AU,Australia,AAA,STABLE,Aaa,STABLE,AA+,STABLE,09/2011
AU,Australia,AAA,STABLE,Aaa,STABLE,AA+,STABLE,04/2010
AT,Austria,AA+,STA,Aaa,NEG,AAA,STA,03/2013
AT,Austria,AA+,NEGATIVE,Aaa,NEGATIVE,AAA,STABLE,03/01/2013
AT,Austria,AA+,NEGATIVE,Aaa,NEGATIVE,AAA,STABLE,12/10/2012
AT,Austria,AA+,NEGATIVE,Aaa,NEGATIVE,AAA,STABLE,26/07/2012
AT,Austria,AA+,NEGATIVE,Aaa,NEGATIVE,AAA,STABLE,08/06/2012
AT,Austria,AA+,NEGATIVE,Aaa,NEGATIVE,AAA,STABLE,15/03/2012
AT,Austria,AA+,NEGATIVE,Aaa,NEGATIVE,AAA,STABLE,28/02/2012
AT,Austria,AA+,NEGATIVE,Aaa,STABLE,AAA,STABLE,01/2012
AT,Austria,AAA,WATCH NEGATIVE,Aaa,STABLE,AAA,STABLE,12/2011
AT,Austria,AAA,STABLE,Aaa,STABLE,AAA,STABLE,09/2011
AT,Austria,AAA,STABLE,Aaa,STABLE,AAA,STABLE,04/2010
AZ,Azerbaijan,BBB-,STA,Baa3,STA,BBB-,STA,03/2013
AZ,Azerbaijan,BBB-,STABLE,Baa3,STABLE,BBB-,STABLE,03/01/2013
AZ,Azerbaijan,BBB-,STABLE,Baa3,STABLE,BBB-,STABLE,12/10/2012
AZ,Azerbaijan,BBB-,STABLE,Baa3,STABLE,BBB-,STABLE,26/07/2012
AZ,Azerbaijan,BBB-,NEGATIVE,Ba1,POSITIVE,BBB-,POSITIVE,08/06/2012
AZ,Azerbaijan,BBB-,NEGATIVE,Ba1,POSITIVE,BBB-,POSITIVE,15/03/2012
AZ,Azerbaijan,BBB-,NEGATIVE,Ba1,POSITIVE,BBB-,POSITIVE,28/02/2012
AZ,Azerbaijan,BBB-,NEGATIVE,Ba1,POSITIVE,BBB-,POSITIVE,01/2012
AZ,Azerbaijan,BB+,POSITIVE,Ba1,POSITIVE,BBB-,POSITIVE,12/2011
AZ,Azerbaijan,BB+,POSITIVE,Ba1,POSITIVE,BBB-,POSITIVE,09/2011
AZ,Azerbaijan,BB+,POSITIVE,Ba1,STABLE,BBB-,STABLE,04/2010
BS,Bahamas,BBB,NEG,Baa1,NEG,,,03/2013
BS,Bahamas,BBB,NEGATIVE,Baa1,NEGATIVE,,,03/01/2013
BS,Bahamas,,,A3,NEGATIVE,,,12/10/2012
BS,Bahamas,,,A3,NEGATIVE,,,26/07/2012
BS,Bahamas,BBB,STABLE,A3,NEGATIVE,,,08/06/2012
BS,Bahamas,BBB,STABLE,A3,NEGATIVE,,,15/03/2012
BS,Bahamas,BBB,STABLE,A3,NEGATIVE,,,28/02/2012
BS,Bahamas,BBB,STABLE,A3,NEGATIVE,,,01/2012
BS,Bahamas,BBB,STABLE,A3,NEGATIVE,,,12/2011
BS,Bahamas,BBB+,STABLE,A3,STABLE,,,09/2011
BS,Bahamas,BBB+,STABLE,A3,STABLE,,,04/2010
BH,Bahrain,BBB,STA,Baa1,NEG,BBB,STA,03/2013
BH,Bahrain,BBB,NEGATIVE,Baa1,NEGATIVE,BBB,STABLE,03/01/2013
BH,Bahrain,BBB,NEGATIVE,Baa1,NEGATIVE,BBB,STABLE,12/10/2012
BH,Bahrain,BBB,NEGATIVE,Baa1,NEGATIVE,BBB,STABLE,26/07/2012
BH,Bahrain,BBB,NEGATIVE,Baa1,NEGATIVE,BBB,STABLE,08/06/2012
BH,Bahrain,BBB,NEGATIVE,Baa1,NEGATIVE,BBB,STABLE,15/03/2012
BH,Bahrain,BBB,NEGATIVE,Baa1,NEGATIVE,BBB,STABLE,28/02/2012
BH,Bahrain,BBB,NEGATIVE,Baa1,NEGATIVE,BBB,STABLE,01/2012
BH,Bahrain,BBB,NEGATIVE,Baa1,NEGATIVE,BBB,STABLE,12/2011
BH,Bahrain,BBB,NEGATIVE,Baa1,NEGATIVE,BBB,NEGATIVE,09/2011
BH,Bahrain,A-,NEGATIVE,A3,RUR-,BBB,NEGATIVE,04/2010
BD,Bangladesh,BB-,STA,Ba3,STA,,,03/2013
BD,Bangladesh,BB-,STABLE,Ba3,STABLE,,,03/01/2013
BD,Bangladesh,BB-,STABLE,Ba3,STABLE,,,12/10/2012
BD,Bangladesh,BB-,STABLE,Ba3,STABLE,,,26/07/2012
BD,Bangladesh,BB-,STABLE,Ba3,STABLE,,,08/06/2012
BD,Bangladesh,BB-,STABLE,Ba3,STABLE,,,15/03/2012
BD,Bangladesh,BB-,STABLE,Ba3,STABLE,,,28/02/2012
BD,Bangladesh,BB-,STABLE,Ba3,STABLE,,,01/2012
BD,Bangladesh,BB-,STABLE,Ba3,STABLE,,,12/2011
BD,Bangladesh,BB-,STABLE,Ba3,STABLE,,,09/2011
BD,Bangladesh,BB-,STABLE,Ba3,STABLE,,,04/2010
BB,Barbados,BB+,STA,Ba1,NEG,,,03/2013
BB,Barbados,BB+,STABLE,Baa3,NEGATIVE,,,03/01/2013
BB,Barbados,BB+,STABLE,Baa3,NEGATIVE,,,12/10/2012
BB,Barbados,BB+,STABLE,Baa3,NEGATIVE,,,26/07/2012
BB,Barbados,BBB-,NEGATIVE,Baa3,NEGATIVE,,,08/06/2012
BB,Barbados,BBB-,NEGATIVE,Baa3,NEGATIVE,,,15/03/2012
BB,Barbados,BBB-,NEGATIVE,Baa3,NEGATIVE,,,28/02/2012
BB,Barbados,BBB-,NEGATIVE,Baa3,NEGATIVE,,,01/2012
BB,Barbados,BBB-,NEGATIVE,Baa3,NEGATIVE,,,12/2011
BB,Barbados,BBB-,STABLE,Baa3,NEGATIVE,,,09/2011
BB,Barbados,BBB-,STABLE,Baa3,STABLE,,,04/2010
BY,Belarus,B-,STA,B3,NEG,,,03/2013
BY,Belarus,B-,STABLE,B3,NEGATIVE,,,03/01/2013
BY,Belarus,B-,STABLE,B3,NEGATIVE,,,12/10/2012
BY,Belarus,B-,STABLE,B3,NEGATIVE,,,26/07/2012
BY,Belarus,B-,NEGATIVE,B3,NEGATIVE,,,08/06/2012
BY,Belarus,B-,NEGATIVE,B3,NEGATIVE,,,15/03/2012
BY,Belarus,B-,NEGATIVE,B3,NEGATIVE,,,28/02/2012
BY,Belarus,B-,NEGATIVE,B3,NEGATIVE,,,01/2012
BY,Belarus,B-,NEGATIVE,B3,NEGATIVE,,,12/2011
BY,Belarus,B,NEGATIVE,B3,UNDER REVIEW,,,09/2011
BY,Belarus,B+,NEGATIVE,B1,STABLE,,,04/2010
BE,Belgium,AA,NEG,Aa3,NEG,AA,STA,03/2013
BE,Belgium,AA,NEGATIVE,Aa3,NEGATIVE,AA,NEGATIVE,03/01/2013
BE,Belgium,AA,NEGATIVE,Aa3,NEGATIVE,AA,NEGATIVE,12/10/2012
BE,Belgium,AA,NEGATIVE,Aa3,NEGATIVE,AA,NEGATIVE,26/07/2012
BE,Belgium,AA,NEGATIVE,Aa1,RUR-,AA+,NEGATIVE,08/06/2012
BE,Belgium,AA,NEGATIVE,Aa1,RUR-,AA+,NEGATIVE,15/03/2012
BE,Belgium,AA,NEGATIVE,Aa1,RUR-,AA+,NEGATIVE,28/02/2012
BE,Belgium,AA,NEGATIVE,Aa1,RUR-,AA+,NEGATIVE,01/2012
BE,Belgium,AA,WATCH NEGATIVE,Aa1,RUR-,AA+,NEGATIVE,12/2011
BE,Belgium,AA+,NEGATIVE,Aa1,STABLE,AA+,NEGATIVE,09/2011
BE,Belgium,AA+,NEGATIVE,Aa1,STABLE,AA+,STABLE,04/2010
BZ,Belize,SD,NM,Ca,NEG,,,03/2013
BZ,Belize,SD,,Ca,NEGATIVE,,,03/01/2013
BZ,Belize,SELECTIVE DEFAULT,NEGATIVE,Ca,NEGATIVE,,,12/10/2012
BZ,Belize,CCC+,NEGATIVE,Ca,DEVELOPING,,,26/07/2012
BZ,Belize,B-,NEGATIVE,B3,STABLE,,,08/06/2012
BZ,Belize,B-,NEGATIVE,B3,STABLE,,,15/03/2012
BZ,Belize,B-,NEGATIVE,B3,STABLE,,,28/02/2012
BZ,Belize,B-,NEGATIVE,B3,STABLE,,,01/2012
BZ,Belize,B-,NEGATIVE,B3,STABLE,,,12/2011
BZ,Belize,B,NEGATIVE,B3,STABLE,,,09/2011
BZ,Belize,B,STABLE,B3,STABLE,,,04/2010
BJ,Benin,B,NEG,,,,,03/2013
BJ,Benin,B,NEGATIVE,,,,,03/01/2013
BJ,Benin,B,STABLE,,,,,12/10/2012
BJ,Benin,B,STABLE,,,,,26/07/2012
BJ,Benin,B,STABLE,,,B,STABLE,08/06/2012
BJ,Benin,B,STABLE,,,B,STABLE,15/03/2012
BJ,Benin,B,STABLE,,,B,STABLE,28/02/2012
BJ,Benin,B,STABLE,,,B,STABLE,01/2012
BJ,Benin,B,STABLE,,,B,STABLE,12/2011
BJ,Benin,B,STABLE,,,B,STABLE,09/2011
BJ,Benin,B,STABLE,,,B,STABLE,04/2010
BM,Bermuda,AA-,STA,Aa2,STA,AA,STA,03/2013
BM,Bermuda,AA-,STABLE,Aa2,STABLE,AA,STABLE,03/01/2013
BM,Bermuda,AA-,AA-,Aa2,STABLE,AA,STABLE,12/10/2012
BM,Bermuda,AA-,AA-,Aa2,STABLE,AA,STABLE,26/07/2012
BM,Bermuda,AA-,STABLE,Aa2,STABLE,AA+,STABLE,08/06/2012
BM,Bermuda,AA-,STABLE,Aa2,STABLE,AA+,STABLE,15/03/2012
BM,Bermuda,AA-,STABLE,Aa2,STABLE,AA+,STABLE,28/02/2012
BM,Bermuda,AA-,STABLE,Aa2,STABLE,AA+,STABLE,01/2012
BM,Bermuda,AA,STABLE,Aa2,STABLE,AA+,STABLE,12/2011
BM,Bermuda,AA,STABLE,Aa2,STABLE,AA+,STABLE,09/2011
BM,Bermuda,AA,STABLE,Aa2,STABLE,AA+,STABLE,04/2010
BT,Bolivia,BB-,STA,Ba3,STA,BB-,STA,03/2013
BT,Bolivia,BB-,STABLE,Ba3,STABLE,BB-,STABLE,03/01/2013
BT,Bolivia,BB-,POSITIVE,Ba3,STABLE,BB-,STABLE,12/10/2012
BT,Bolivia,BB-,POSITIVE,Ba3,STABLE,B+,STABLE,26/07/2012
BT,Bolivia,B+,POSITIVE,B1,POSITIVE,B+,STABLE,08/06/2012
BT,Bolivia,B+,POSITIVE,B1,POSITIVE,B+,STABLE,15/03/2012
BT,Bolivia,B+,POSITIVE,B1,POSITIVE,B+,STABLE,28/02/2012
BT,Bolivia,B+,POSITIVE,B1,POSITIVE,B+,STABLE,01/2012
BT,Bolivia,B+,POSITIVE,B1,POSITIVE,B+,STABLE,12/2011
BT,Bolivia,B+,STABLE,B1,POSITIVE,B+,STABLE,09/2011
BT,Bolivia,B,POSITIVE,B1,POSITIVE,B+,STABLE,04/2010
BA,Bosnia and Herzegovina,B,STA,B3,STA,,,03/2013
BA,Bosnia and Herzegovina,B,STABLE,B3,STABLE,,,03/01/2013
BA,Bosnia and Herzegovina,B,NEGATIVE,B3,STABLE,,,12/10/2012
BA,Bosnia and Herzegovina,B,NEGATIVE,B3,STABLE,,,26/07/2012
BA,Bosnia and Herzegovina,B,WATCH NEGATIVE,B2,NEGATIVE,,,08/06/2012
BA,Bosnia and Herzegovina,B,WATCH NEGATIVE,B2,NEGATIVE,,,15/03/2012
BA,Bosnia and Herzegovina,B,WATCH NEGATIVE,B2,NEGATIVE,,,28/02/2012
BA,Bosnia and Herzegovina,B,WATCH NEGATIVE,B2,NEGATIVE,,,01/2012
BA,Bosnia and Herzegovina,B,WATCH NEGATIVE,B2,NEGATIVE,,,12/2011
BA,Bosnia and Herzegovina,B+,NEGATIVE,B2,NEGATIVE,,,09/2011
BA,Bosnia and Herzegovina,B+,STABLE,B2,STABLE,,,04/2010
BW,Botswana,A-,STA,A2,STA,,,03/2013
BW,Botswana,A-,STABLE,A2,STABLE,,,03/01/2013
BW,Botswana,A-,STABLE,A2,STABLE,,,12/10/2012
BW,Botswana,A-,STABLE,A2,STABLE,,,26/07/2012
BW,Botswana,A-,STABLE,A2,STABLE,,,08/06/2012
BW,Botswana,A-,STABLE,A2,STABLE,,,15/03/2012
BW,Botswana,A-,STABLE,A2,STABLE,,,28/02/2012
BW,Botswana,A-,STABLE,A2,STABLE,,,01/2012
BW,Botswana,A-,STABLE,A2,STABLE,,,12/2011
BW,Botswana,A-,STABLE,A2,NEGATIVE,,,09/2011
BW,Botswana,A-,STABLE,A2,NEGATIVE,,,04/2010
BR,Brazil,BBB,STA,Baa2,POS,BBB,STA,03/2013
BR,Brazil,BBB,STABLE,Baa2,POSITIVE,BBB,STABLE,03/01/2013
BR,Brazil,BBB,STABLE,Baa2,POSITIVE,BBB,STABLE,12/10/2012
BR,Brazil,BBB,STABLE,Baa2,POSITIVE,BBB,STABLE,26/07/2012
BR,Brazil,BBB,STABLE,Baa2,POSITIVE,BBB,STABLE,08/06/2012
BR,Brazil,BBB,STABLE,Baa2,POSITIVE,BBB,STABLE,15/03/2012
BR,Brazil,BBB,STABLE,Baa2,POSITIVE,BBB,STABLE,28/02/2012
BR,Brazil,BBB,STABLE,Baa2,POSITIVE,BBB,STABLE,01/2012
BR,Brazil,BBB,STABLE,Baa2,POSITIVE,BBB,STABLE,12/2011
BR,Brazil,BBB-,POSITIVE,Baa2,POSITIVE,BBB,STABLE,09/2011
BR,Brazil,BBB-,STABLE,Baa3,POSITIVE,BBB-,POSITIVE,04/2010
BG,Bulgaria,BBB,STA,Baa2,STA,BBB-,STA,03/2013
BG,Bulgaria,BBB,STABLE,Baa2,STABLE,BBB-,STABLE,03/01/2013
BG,Bulgaria,BBB,STABLE,Baa2,STABLE,BBB-,STABLE,12/10/2012
BG,Bulgaria,BBB,STABLE,Baa2,STABLE,BBB-,STABLE,26/07/2012
BG,Bulgaria,BBB,STABLE,Baa2,STABLE,BBB-,POSITIVE,08/06/2012
BG,Bulgaria,BBB,STABLE,Baa2,STABLE,BBB-,POSITIVE,15/03/2012
BG,Bulgaria,BBB,STABLE,Baa2,STABLE,BBB-,POSITIVE,28/02/2012
BG,Bulgaria,BBB,STABLE,Baa2,STABLE,BBB-,POSITIVE,01/2012
BG,Bulgaria,BBB,STABLE,Baa2,STABLE,BBB-,POSITIVE,12/2011
BG,Bulgaria,BBB,STABLE,Baa2,STABLE,BBB-,POSITIVE,09/2011
BG,Bulgaria,BBB,STABLE,Baa3,POSITIVE,BBB-,NEGATIVE,04/2010
BF,Burkina Faso,B,STA,,,,,03/2013
BF,Burkina Faso,B,STABLE,,,,,03/01/2013
BF,Burkina Faso,B,STABLE,,,,,12/10/2012
BF,Burkina Faso,B,STABLE,,,,,26/07/2012
BF,Burkina Faso,B,STABLE,,,,,08/06/2012
BF,Burkina Faso,B,STABLE,,,,,15/03/2012
BF,Burkina Faso,B,STABLE,,,,,28/02/2012
BF,Burkina Faso,B,STABLE,,,,,01/2012
BF,Burkina Faso,B,STABLE,,,,,12/2011
BF,Burkina Faso,B,STABLE,,,,,09/2011
BF,Burkina Faso,B,STABLE,,,,,04/2010
KH,Cambodia,B,STA,B2,STA,,,03/2013
KH,Cambodia,B,STABLE,B2,STABLE,,,03/01/2013
KH,Cambodia,B,STABLE,B2,STABLE,,,12/10/2012
KH,Cambodia,B,STABLE,B2,STABLE,,,26/07/2012
KH,Cambodia,B,STABLE,B2,STABLE,,,08/06/2012
KH,Cambodia,B,STABLE,B2,STABLE,,,15/03/2012
KH,Cambodia,B,STABLE,B2,STABLE,,,28/02/2012
KH,Cambodia,B,STABLE,B2,STABLE,,,01/2012
KH,Cambodia,B,STABLE,B2,STABLE,,,12/2011
KH,Cambodia,B+,STABLE,B2,STABLE,,,09/2011
KH,Cambodia,B+,STABLE,B2,STABLE,,,04/2010
CM,Cameroon,B,STA,,,B,STA,03/2013
CM,Cameroon,B,STABLE,,,B,STABLE,03/01/2013
CM,Cameroon,B,STABLE,,,B,STABLE,12/10/2012
CM,Cameroon,B,STABLE,,,B,STABLE,26/07/2012
CM,Cameroon,B,STABLE,,,B,STABLE,08/06/2012
CM,Cameroon,B,STABLE,,,B,STABLE,15/03/2012
CM,Cameroon,B,STABLE,,,B,STABLE,28/02/2012
CM,Cameroon,B,STABLE,,,B,STABLE,01/2012
CM,Cameroon,B,STABLE,,,B,STABLE,12/2011
CM,Cameroon,B,STABLE,,,B,STABLE,09/2011
CM,Cameroon,B,STABLE,,,B,STABLE,04/2010
CA,Canada,AAA,STA,Aaa,STA,AAA,STA,03/2013
CA,Canada,AAA,STABLE,Aaa,STABLE,AAA,STABLE,03/01/2013
CA,Canada,AAA,STABLE,Aaa,STABLE,AAA,STABLE,12/10/2012
CA,Canada,AAA,STABLE,Aaa,STABLE,AAA,STABLE,26/07/2012
CA,Canada,AAA,STABLE,Aaa,STABLE,AAA,STABLE,08/06/2012
CA,Canada,AAA,STABLE,Aaa,STABLE,AAA,STABLE,15/03/2012
CA,Canada,AAA,STABLE,Aaa,STABLE,AAA,STABLE,28/02/2012
CA,Canada,AAA,STABLE,Aaa,STABLE,AAA,STABLE,01/2012
CA,Canada,AAA,STABLE,Aaa,STABLE,AAA,STABLE,12/2011
CA,Canada,AAA,STABLE,Aaa,STABLE,AAA,STABLE,09/2011
CA,Canada,AAA,STABLE,Aaa,STABLE,AAA,STABLE,04/2010
CV,Cape Verde,B+,STA,,,B+,STA,03/2013
CV,Cape Verde,B+,STABLE,,,B+,STABLE,03/01/2013
CV,Cape Verde,B+,STABLE,,,B+,STABLE,12/10/2012
CV,Cape Verde,B+,STABLE,,,B+,STABLE,26/07/2012
CV,Cape Verde,B+,STABLE,,,B+,STABLE,08/06/2012
CV,Cape Verde,B+,STABLE,,,B+,STABLE,15/03/2012
CV,Cape Verde,B+,STABLE,,,B+,STABLE,28/02/2012
CV,Cape Verde,B+,STABLE,,,B+,STABLE,01/2012
CV,Cape Verde,B+,STABLE,,,B+,STABLE,12/2011
CV,Cape Verde,B+,STABLE,,,B+,STABLE,09/2011
CV,Cape Verde,B+,NEGATIVE,,,B+,STABLE,04/2010
CYM,Cayman Islands,,,Aa3,STA,,,03/2013
CYM,Cayman Islands,,,Aa3,STABLE,,,03/01/2013
CYM,Cayman Islands,,,Aa3,STABLE,,,12/10/2012
CYM,Cayman Islands,,,Aa3,STABLE,,,26/07/2012
CL,Chile,AA-,STA,Aa3,STA,A+,STA,03/2013
CL,Chile,AA-,STABLE,Aa3,STABLE,A+,STABLE,03/01/2013
CL,Chile,A+,STABLE,Aa3,STABLE,A+,STABLE,12/10/2012
CL,Chile,A+,STABLE,Aa3,STABLE,A+,STABLE,26/07/2012
CL,Chile,A+,POSITIVE,Aa3,STABLE,A+,STABLE,08/06/2012
CL,Chile,A+,POSITIVE,Aa3,STABLE,A+,STABLE,15/03/2012
CL,Chile,A+,POSITIVE,Aa3,STABLE,A+,STABLE,28/02/2012
CL,Chile,A+,POSITIVE,Aa3,STABLE,A+,STABLE,01/2012
CL,Chile,A+,POSITIVE,Aa3,STABLE,A+,STABLE,12/2011
CL,Chile,A+,POSITIVE,Aa3,STABLE,A+,STABLE,09/2011
CL,Chile,A+,POSITIVE,Aa3,STABLE,A+,STABLE,04/2010
CN,China,AA-,STA,Aa3,POS,A+,STA,03/2013
CN,China,AA-,STABLE,Aa3,POSITIVE,A+,STABLE,03/01/2013
CN,China,AA-,STABLE,Aa3,POSITIVE,A+,STABLE,12/10/2012
CN,China,AA-,STABLE,Aa3,POSITIVE,A+,STABLE,26/07/2012
CN,China,AA-,STABLE,Aa3,POSITIVE,A+,STABLE,08/06/2012
CN,China,AA-,STABLE,Aa3,POSITIVE,A+,STABLE,15/03/2012
CN,China,AA-,STABLE,Aa3,POSITIVE,A+,STABLE,28/02/2012
CN,China,AA-,STABLE,Aa3,POSITIVE,A+,STABLE,01/2012
CN,China,AA-,STABLE,Aa3,POSITIVE,A+,STABLE,12/2011
CN,China,AA-,STABLE,Aa3,POSITIVE,A+,STABLE,09/2011
CN,China,AA-,STABLE,Aa3,POSITIVE,A+,STABLE,04/2010
CO,Colombia,BBB-,POS,Baa3,STA,BBB-,STA,03/2013
CO,Colombia,BBB-,POSITIVE,Baa3,STABLE,BBB-,STABLE,03/01/2013
CO,Colombia,BBB-,POSITIVE,Baa3,STABLE,BBB-,STABLE,12/10/2012
CO,Colombia,BBB-,STABLE,Baa3,STABLE,BBB-,STABLE,26/07/2012
CO,Colombia,BBB-,STABLE,Baa3,STABLE,BBB-,STABLE,08/06/2012
CO,Colombia,BBB-,STABLE,Baa3,STABLE,BBB-,STABLE,15/03/2012
CO,Colombia,BBB-,STABLE,Baa3,STABLE,BBB-,STABLE,28/02/2012
CO,Colombia,BBB-,STABLE,Baa3,STABLE,BBB-,STABLE,01/2012
CO,Colombia,BBB-,STABLE,Baa3,STABLE,BBB-,STABLE,12/2011
CO,Colombia,BBB-,STABLE,Baa3,STABLE,BBB-,STABLE,09/2011
CO,Colombia,BB+,POSITIVE,Ba1,POSITIVE,BB+,POSITIVE,04/2010
CK,Cook Islands,B+,STA,,,,,03/2013
CK,Cook Islands,B+,STABLE,,,,,03/01/2013
CK,Cook Islands,B+,NEGATIVE,,,,,12/10/2012
CK,Cook Islands,B+,NEGATIVE,,,,,26/07/2012
CK,Cook Islands,B+,STABLE,,,,,08/06/2012
CK,Cook Islands,B+,STABLE,,,,,15/03/2012
CK,Cook Islands,B+,STABLE,,,,,28/02/2012
CK,Cook Islands,B+,STABLE,,,,,01/2012
CK,Cook Islands,BB-,NEGATIVE,,,,,12/2011
CK,Cook Islands,BB-,NEGATIVE,,,,,09/2011
CK,Cook Islands,BB-,NEGATIVE,,,,,04/2010
CR,Costa Rica,BB,STA,Baa3,STA,BB+,STA,03/2013
CR,Costa Rica,BB,STABLE,Baa3,STABLE,BB+,STABLE,03/01/2013
CR,Costa Rica,BBB-,STABLE,Baa3,STABLE,BB+,STABLE,12/10/2012
CR,Costa Rica,BB,STABLE,Baa3,STABLE,BB+,STABLE,26/07/2012
CR,Costa Rica,BB,STABLE,Baa3,STABLE,BB+,STABLE,08/06/2012
CR,Costa Rica,BB,STABLE,Baa3,STABLE,BB+,STABLE,15/03/2012
CR,Costa Rica,BB,STABLE,Baa3,STABLE,BB+,STABLE,28/02/2012
CR,Costa Rica,BB,STABLE,Baa3,STABLE,BB+,STABLE,01/2012
CR,Costa Rica,BB,STABLE,Baa3,STABLE,BB+,STABLE,12/2011
CR,Costa Rica,BB,STABLE,Baa3,STABLE,BB+,STABLE,09/2011
CR,Costa Rica,BB,STABLE,Baa3,STABLE,BB+,STABLE,04/2010
HR,Croatia,BB+,STA,Ba1,STA,BBB-,NEG,03/2013
HR,Croatia,BB+,STABLE,Baa3,NEGATIVE,BBB-,NEGATIVE,03/01/2013
HR,Croatia,BBB-,STABLE,Baa3,NEGATIVE,BBB-,STABLE,12/10/2012
HR,Croatia,BBB-,STABLE,Baa3,NEGATIVE,BBB-,NEGATIVE,26/07/2012
HR,Croatia,BBB-,NEGATIVE,Baa3,STABLE,BBB-,NEGATIVE,08/06/2012
HR,Croatia,BBB-,NEGATIVE,Baa3,STABLE,BBB-,NEGATIVE,15/03/2012
HR,Croatia,BBB-,NEGATIVE,Baa3,STABLE,BBB-,NEGATIVE,28/02/2012
HR,Croatia,BBB-,NEGATIVE,Baa3,STABLE,BBB-,NEGATIVE,01/2012
HR,Croatia,BBB-,NEGATIVE,Baa3,STABLE,BBB-,NEGATIVE,12/2011
HR,Croatia,BBB-,NEGATIVE,Baa3,STABLE,BBB-,NEGATIVE,09/2011
HR,Croatia,BBB-,NEGATIVE,Baa3,STABLE,BBB-,NEGATIVE,04/2010
CU,Cuba,,,Caa1,STA,,,03/2013
CU,Cuba,,,Caa1,STABLE,,,03/01/2013
CU,Cuba,,,Caa1,STABLE,,,12/10/2012
CU,Cuba,,,Caa1,STABLE,,,26/07/2012
CU,Cuba,,,Caa1,STABLE,,,08/06/2012
CU,Cuba,,,Caa1,STABLE,,,15/03/2012
CU,Cuba,,,Caa1,STABLE,,,28/02/2012
CU,Cuba,,,Caa1,STABLE,,,01/2012
CU,Cuba,,,Caa1,STABLE,,,12/2011
CU,Cuba,,,Caa1,STABLE,,,09/2011
CUW,Curacao,A-,STABLE,,,,,12/10/2012
CUW,Curacao,A-,STABLE,,,,,26/07/2012
,Curacao,A-,NEGATIVE,,,,,08/06/2012
,Curacao,A-,NEGATIVE,,,,,15/03/2012
,Curacao,A-,NEGATIVE,,,,,28/02/2012
,Curacao,A-,NEGATIVE,,,,,01/2012
CY,Cyprus,CCC+,NEG,Caa3,NEG,B,NEG,03/2013
CY,Cyprus,CCC+,NEGATIVE,B3,RUR-,BB-,NEGATIVE,03/01/2013
CY,Cyprus,BB,NEGATIVE,Ba3,UNDER REVIEW,BB+,NEGATIVE,12/10/2012
CY,Cyprus,BB+,NEGATIVE,Ba3,UNDER REVIEW,BB+,NEGATIVE,26/07/2012
CY,Cyprus,BB+,NEGATIVE,Ba1,NEGATIVE,BBB,NEGATIVE,08/06/2012
CY,Cyprus,BB+,NEGATIVE,Ba1,NEGATIVE,BBB,NEGATIVE,15/03/2012
CY,Cyprus,BB+,NEGATIVE,Baa3,RUR-,BBB,NEGATIVE,28/02/2012
CY,Cyprus,BB+,NEGATIVE,Baa3,RUR-,BBB,NEGATIVE,01/2012
CY,Cyprus,BBB,WATCH NEGATIVE,Baa3,RUR-,BBB,NEGATIVE,12/2011
CY,Cyprus,A-,NEGATIVE,Baa1,NEGATIVE,A-,NEGATIVE,09/2011
CY,Cyprus,A,NEGATIVE,A2,STABLE,AA-,NEGATIVE/WATCH,04/2010
CZ,Czech Republic,AA-,STA,A1,STA,A+,STA,03/2013
CZ,Czech Republic,AA-,STABLE,A1,STABLE,A+,STABLE,03/01/2013
CZ,Czech Republic,AA-,STABLE,A1,STABLE,A+,STABLE,12/10/2012
CZ,Czech Republic,AA,STABLE,A1,STABLE,A+,STABLE,26/07/2012
CZ,Czech Republic,AA-,STABLE,A1,STABLE,A+,POSITIVE,08/06/2012
CZ,Czech Republic,AA-,STABLE,A1,STABLE,A+,POSITIVE,15/03/2012
CZ,Czech Republic,AA-,STABLE,A1,STABLE,A+,POSITIVE,28/02/2012
CZ,Czech Republic,AA-,STABLE,A1,STABLE,A+,POSITIVE,01/2012
CZ,Czech Republic,AA-,STABLE,A1,STABLE,A+,POSITIVE,12/2011
CZ,Czech Republic,A,POSITIVE,A1,STABLE,A+,POSITIVE,09/2011
CZ,Czech Republic,A,POSITIVE,A1,STABLE,A+,POSITIVE,04/2010
DK,Denmark,AAA,STA,Aaa,STA,AAA,STA,03/2013
DK,Denmark,AAA,STABLE,Aaa,STABLE,AAA,STABLE,03/01/2013
DK,Denmark,AAA,STABLE,Aaa,STABLE,AAA,STABLE,12/10/2012
DK,Denmark,AAA,STABLE,Aaa,STABLE,AAA,STABLE,26/07/2012
DK,Denmark,AAA,STABLE,Aaa,STABLE,AAA,STABLE,08/06/2012
DK,Denmark,AAA,STABLE,Aaa,STABLE,AAA,STABLE,15/03/2012
DK,Denmark,AAA,STABLE,Aaa,STABLE,AAA,STABLE,28/02/2012
DK,Denmark,AAA,STABLE,Aaa,STABLE,AAA,STABLE,01/2012
DK,Denmark,AAA,STABLE,Aaa,STABLE,AAA,STABLE,12/2011
DK,Denmark,AAA,STABLE,Aaa,STABLE,AAA,STABLE,09/2011
DK,Denmark,AAA,STABLE,Aaa,STABLE,AAA,STABLE,04/2010
DO,Dominican Republic,B+,STA,B1,STA,B,STA,03/2013
DO,Dominican Republic,B+,STABLE,B1,STABLE,B,STABLE,03/01/2013
DO,Dominican Republic,B+,STABLE,B1,STABLE,B,POSITIVE,12/10/2012
DO,Dominican Republic,B+,STABLE,B1,STABLE,B,POSITIVE,26/07/2012
DO,Dominican Republic,B+,STABLE,B1,STABLE,B,POSITIVE,08/06/2012
DO,Dominican Republic,B+,STABLE,B1,STABLE,B,POSITIVE,15/03/2012
DO,Dominican Republic,B+,STABLE,B1,STABLE,B,POSITIVE,28/02/2012
DO,Dominican Republic,B+,STABLE,B1,STABLE,B,POSITIVE,01/2012
DO,Dominican Republic,B+,STABLE,B1,STABLE,B,POSITIVE,12/2011
DO,Dominican Republic,B+,STABLE,B1,STABLE,B,POSITIVE,09/2011
DO,Dominican Republic,B,POSITIVE,B1,STABLE,B,POSITIVE,04/2010
EC,Ecuador,B,STA,Caa1,STA,B-,POS,03/2013
EC,Ecuador,B,STABLE,Caa1,STABLE,B-,POSITIVE,03/01/2013
EC,Ecuador,B,STABLE,Caa1,STABLE,B-,STABLE,12/10/2012
EC,Ecuador,B,STABLE,Caa2,STABLE,B-,STABLE,26/07/2012
EC,Ecuador,B-,POSITIVE,Caa2,STABLE,B-,STABLE,08/06/2012
EC,Ecuador,B-,POSITIVE,Caa2,STABLE,B-,STABLE,15/03/2012
EC,Ecuador,B-,POSITIVE,Caa2,STABLE,B-,STABLE,28/02/2012
EC,Ecuador,B-,POSITIVE,Caa2,STABLE,B-,STABLE,01/2012
EC,Ecuador,B-,POSITIVE,Caa2,STABLE,B-,STABLE,12/2011
EC,Ecuador,B-,STABLE,Caa2,STABLE,B-,STABLE,09/2011
EC,Ecuador,B-,STABLE,Caa2,STABLE,B-,STABLE,04/2010
EG,Egypt,B-,NEG,B3,RUR,B,NEG,03/2013
EG,Egypt,B-,NEGATIVE,B2,NEGATIVE,B+,NEGATIVE,03/01/2013
EG,Egypt,B,NEGATIVE,B2,NEGATIVE,B+,NEGATIVE,12/10/2012
EG,Egypt,B,NEGATIVE,B2,UNDER REVIEW,B+,NEGATIVE,26/07/2012
EG,Egypt,B+,NEGATIVE,B1,NEGATIVE,BB,NEGATIVE,08/06/2012
EG,Egypt,B+,NEGATIVE,B1,NEGATIVE,BB,NEGATIVE,15/03/2012
EG,Egypt,B+,NEGATIVE,B1,NEGATIVE,BB,NEGATIVE,28/02/2012
EG,Egypt,B+,NEGATIVE,B1,NEGATIVE,BB,NEGATIVE,01/2012
EG,Egypt,,,B1,NEGATIVE,BB,NEGATIVE,12/2011
EG,Egypt,BB,NEGATIVE,Ba3,NEGATIVE,BB,NEGATIVE,09/2011
EG,Egypt,BB,NEGATIVE,Ba2,NEGATIVE,BB,NEGATIVE/WATCH,04/2010
SV,El Salvador,BB-,NEG,Ba3,STA,BB,NEG,03/2013
SV,El Salvador,BB-,NEGATIVE,Ba3,STABLE,BB,NEGATIVE,03/01/2013
SV,El Salvador,B,STABLE,Ba2,STABLE,BB,NEGATIVE,12/10/2012
SV,El Salvador,BB-,STABLE,Ba2,STABLE,BB,STABLE,26/07/2012
SV,El Salvador,BB-,STABLE,Ba2,STABLE,BB,STABLE,08/06/2012
SV,El Salvador,BB-,STABLE,Ba2,STABLE,BB,STABLE,15/03/2012
SV,El Salvador,BB-,STABLE,Ba2,STABLE,BB,STABLE,28/02/2012
SV,El Salvador,BB-,STABLE,Ba2,STABLE,BB,STABLE,01/2012
SV,El Salvador,BB-,STABLE,Ba2,STABLE,BB,STABLE,12/2011
SV,El Salvador,BB-,STABLE,Ba2,STABLE,BB,NEGATIVE,09/2011
SV,El Salvador,BB-,STABLE,Ba1,NEGATIVE,BB,NEGATIVE,04/2010
EE,Estonia,AA-,STA,A1,STA,A+,STA,03/2013
EE,Estonia,AA-,STABLE,A1,STABLE,A+,STABLE,03/01/2013
EE,Estonia,AA-,NEGATIVE,A1,STABLE,A+,STABLE,12/10/2012
EE,Estonia,AA-,NEGATIVE,A1,STABLE,A+,STABLE,26/07/2012
EE,Estonia,AA-,NEGATIVE,A1,STABLE,A+,STABLE,08/06/2012
EE,Estonia,AA-,NEGATIVE,A1,STABLE,A+,STABLE,15/03/2012
EE,Estonia,AA-,NEGATIVE,A1,STABLE,A+,STABLE,28/02/2012
EE,Estonia,AA-,NEGATIVE,A1,STABLE,A+,STABLE,01/2012
EE,Estonia,AA-,WATCH NEGATIVE,A1,STABLE,A+,STABLE,12/2011
EE,Estonia,A,POSITIVE,A1,STABLE,A+,STABLE,09/2011
EE,Estonia,A,STABLE,A1,STABLE,A,STABLE,04/2010
FJ,Fiji,B,STA,B1,STA,,,03/2013
FJ,Fiji,B,STABLE,B1,,,,03/01/2013
FJ,Fiji,B,STABLE,B1,NEGATIVE,,,12/10/2012
FJ,Fiji,B,STABLE,B1,NEGATIVE,,,26/07/2012
FJ,Fiji,B,STABLE,B1,NEGATIVE,,,08/06/2012
FJ,Fiji,B,STABLE,B1,NEGATIVE,,,15/03/2012
FJ,Fiji,B,STABLE,B1,NEGATIVE,,,28/02/2012
FJ,Fiji,B,STABLE,B1,NEGATIVE,,,01/2012
FJ,Fiji,B,STABLE,B1,NEGATIVE,,,12/2011
FJ,Fiji,B-,POSITIVE,B1,NEGATIVE,,,09/2011
FJ,Fiji,B-,POSITIVE,B1,NEGATIVE,,,04/2010
FI,Finland,AAA,STA,Aaa,STA,AAA,STA,03/2013
FI,Finland,AAA,NEGATIVE,Aaa,STABLE,AAA,STABLE,03/01/2013
FI,Finland,AAA,NEGATIVE,Aaa,STABLE,AAA,STABLE,12/10/2012
FI,Finland,AAA,NEGATIVE,Aaa,STABLE,AAA,STABLE,26/07/2012
FI,Finland,AAA,WATCH NEGATIVE,Aaa,STABLE,AAA,STABLE,08/06/2012
FI,Finland,AAA,WATCH NEGATIVE,Aaa,STABLE,AAA,STABLE,15/03/2012
FI,Finland,AAA,WATCH NEGATIVE,Aaa,STABLE,AAA,STABLE,28/02/2012
FI,Finland,AAA,WATCH NEGATIVE,Aaa,STABLE,AAA,STABLE,01/2012
FI,Finland,AAA,WATCH NEGATIVE,Aaa,STABLE,AAA,STABLE,12/2011
FI,Finland,AAA,STABLE,Aaa,STABLE,AAA,STABLE,09/2011
FI,Finland,AAA,STABLE,Aaa,STABLE,AAA,STABLE,04/2010
FR,France,AA+,NEG,Aa1,NEG,AAA,NEG,03/2013
FR,France,AA+,NEGATIVE,Aa1,NEGATIVE,AAA,NEGATIVE,03/01/2013
FR,France,AA+,NEGATIVE,Aaa,NEGATIVE,AAA,NEGATIVE,12/10/2012
FR,France,AA+,NEGATIVE,Aaa,NEGATIVE,AAA,NEGATIVE,26/07/2012
FR,France,AA+,NEGATIVE,Aaa,NEGATIVE,AAA,STABLE,08/06/2012
FR,France,AA+,NEGATIVE,Aaa,NEGATIVE,AAA,STABLE,15/03/2012
FR,France,AA+,NEGATIVE,Aaa,NEGATIVE,AAA,STABLE,28/02/2012
FR,France,AA+,NEGATIVE,Aaa,STABLE,AAA,STABLE,01/2012
FR,France,AAA,WATCH NEGATIVE,Aaa,STABLE,AAA,STABLE,12/2011
FR,France,AAA,STABLE,Aaa,STABLE,AAA,STABLE,09/2011
FR,France,AAA,STABLE,Aaa,STABLE,AAA,STABLE,04/2010
GA,Gabon,BB-,NEG,,,BB-,POS,03/2013
GA,Gabon,BB-,NEGATIVE,,,BB-,POSITIVE,03/01/2013
GA,Gabon,BB-,STABLE,,,BB-,POSITIVE,12/10/2012
GA,Gabon,BB-,STABLE,,,BB-,POSITIVE,26/07/2012
GA,Gabon,BB-,STABLE,,,BB-,STABLE,08/06/2012
GA,Gabon,BB-,STABLE,,,BB-,STABLE,15/03/2012
GA,Gabon,BB-,STABLE,,,BB-,STABLE,28/02/2012
GA,Gabon,BB-,STABLE,,,BB-,STABLE,01/2012
GA,Gabon,BB-,STABLE,,,BB-,STABLE,12/2011
GA,Gabon,BB-,STABLE,,,BB-,STABLE,09/2011
GA,Gabon,BB-,STABLE,,,BB-,STABLE,04/2010
GE,Georgia,BB-,STA,Ba3,STA,BB-,STA,03/2013
GE,Georgia,BB-,STABLE,Ba3,STABLE,BB-,STABLE,03/01/2013
GE,Georgia,BB-,STABLE,Ba3,STABLE,BB-,STABLE,12/10/2012
GE,Georgia,BB-,STABLE,Ba3,STABLE,BB-,STABLE,26/07/2012
GE,Georgia,BB-,STABLE,Ba3,STABLE,B+,POSITIVE,08/06/2012
GE,Georgia,BB-,STABLE,Ba3,STABLE,B+,POSITIVE,15/03/2012
GE,Georgia,BB-,STABLE,Ba3,STABLE,B+,POSITIVE,28/02/2012
GE,Georgia,BB-,STABLE,Ba3,STABLE,B+,POSITIVE,01/2012
GE,Georgia,BB-,STABLE,Ba3,STABLE,B+,POSITIVE,12/2011
GE,Georgia,B+,POSITIVE,Ba3,STABLE,B+,POSITIVE,09/2011
GE,Georgia,B,STABLE,Aaa,STABLE,B+,POSITIVE,04/2010
DE,Germany,AAA,STA,Aaa,NEG,AAA,STA,03/2013
DE,Germany,AAA,STABLE,Aaa,NEGATIVE,AAA,STABLE,03/01/2013
DE,Germany,AAA,NEGATIVE,Aaa,NEGATIVE,AAA,STABLE,12/10/2012
DE,Germany,AAA,NEGATIVE,Aaa,NEGATIVE,AAA,STABLE,26/07/2012
DE,Germany,AAA,WATCH NEGATIVE,Aaa,STABLE,AAA,STABLE,08/06/2012
DE,Germany,AAA,WATCH NEGATIVE,Aaa,STABLE,AAA,STABLE,15/03/2012
DE,Germany,AAA,WATCH NEGATIVE,Aaa,STABLE,AAA,STABLE,28/02/2012
DE,Germany,AAA,WATCH NEGATIVE,Aaa,STABLE,AAA,STABLE,01/2012
DE,Germany,AAA,WATCH NEGATIVE,Aaa,STABLE,AAA,STABLE,12/2011
DE,Germany,AAA,STABLE,Aaa,STABLE,AAA,STABLE,09/2011
DE,Germany,AAA,STABLE,Aaa,STABLE,AAA,STABLE,04/2010
GH,Ghana,B,STA,B1,STA,B+,NEG,03/2013
GH,Ghana,B,STABLE,,,B+,STABLE,03/01/2013
GH,Ghana,B,STABLE,,,B+,STABLE,12/10/2012
GH,Ghana,B,STABLE,,,B+,STABLE,26/07/2012
GH,Ghana,B,STABLE,,,B+,STABLE,08/06/2012
GH,Ghana,B,STABLE,,,B+,STABLE,15/03/2012
GH,Ghana,B,STABLE,,,B+,STABLE,28/02/2012
GH,Ghana,B,STABLE,,,B+,STABLE,01/2012
GH,Ghana,B,STABLE,,,B+,STABLE,12/2011
GH,Ghana,B,STABLE,,,B+,STABLE,09/2011
GH,Ghana,B+,NEGATIVE,,,B+,STABLE,04/2010
GR,Greece,B-,STA,C,,CCC,,03/2013
GR,Greece,B-,STABLE,C,-,CCC,,03/01/2013
GR,Greece,CCC,STABLE,C,-,CCC,STABLE,12/10/2012
GR,Greece,CCC,STABLE,C,-,CCC,STABLE,26/07/2012
GR,Greece,SD,NEGATIVE,C,DEVELOPING,CCC,NEGATIVE,08/06/2012
GR,Greece,SD,NEGATIVE,C,DEVELOPING,B-,STABLE,15/03/2012
GR,Greece,SD,NEGATIVE,Ca,DEVELOPING,CCC,,28/02/2012
GR,Greece,CC,NEGATIVE,Ca,DEVELOPING,CCC,,01/2012
GR,Greece,CC,NEGATIVE,Ca,DEVELOPING,CCC,,12/2011
GR,Greece,CC,NEGATIVE,Ca,DEVELOPING,CCC,,09/2011
GR,Greece,BB+,NEGATIVE,B1,NEGATIVE,BB+,NEGATIVE,04/2010
GD,Grenada,CCC+,NEG,,,,,03/2013
GD,Grenada,CCC+,NEGATIVE,,,,,03/01/2013
GD,Grenada,SELECTIVE DEFAULT,STABLE,,,,,12/10/2012
GD,Grenada,B-,STABLE,,,,,26/07/2012
GD,Grenada,B-,STABLE,,,,,08/06/2012
GD,Grenada,B-,STABLE,,,,,15/03/2012
GD,Grenada,B-,STABLE,,,,,28/02/2012
GD,Grenada,B-,STABLE,,,,,01/2012
GD,Grenada,B-,STABLE,,,,,12/2011
GD,Grenada,B-,STABLE,,,,,09/2011
GD,Grenada,B-,STABLE,,,,,04/2010
GT,Guatemala,BB,STA,Ba1,STA,BB+,STA,03/2013
GT,Guatemala,BB,STABLE,Ba1,STABLE,BB+,STABLE,03/01/2013
GT,Guatemala,BB-,NEGATIVE,Ba1,STABLE,BB+,STABLE,12/10/2012
GT,Guatemala,BB,NEGATIVE,Ba1,STABLE,BB+,STABLE,26/07/2012
GT,Guatemala,BB,NEGATIVE,Ba1,STABLE,BB+,STABLE,08/06/2012
GT,Guatemala,BB,NEGATIVE,Ba1,STABLE,BB+,STABLE,15/03/2012
GT,Guatemala,BB,NEGATIVE,Ba1,STABLE,BB+,STABLE,28/02/2012
GT,Guatemala,BB,NEGATIVE,Ba1,STABLE,BB+,STABLE,01/2012
GT,Guatemala,BB,NEGATIVE,Ba1,STABLE,BB+,STABLE,12/2011
GT,Guatemala,BB,STABLE,Ba1,STABLE,BB+,STABLE,09/2011
GT,Guatemala,BB,STABLE,Ba1,STABLE,BB+,STABLE,04/2010
GG,Guernsey,,,,,,,03/2013
GG,Guernsey,AA+,STABLE,,,,,03/01/2013
GG,Guernsey,AA+,STABLE,,,,,12/10/2012
GG,Guernsey,AA+,STABLE,,,,,26/07/2012
GG,Guernsey,AA+,STABLE,,,,,08/06/2012
GG,Guernsey,AA+,STABLE,,,,,15/03/2012
GG,Guernsey,AA+,STABLE,,,,,28/02/2012
GG,Guernsey,AA+,STABLE,,,,,01/2012
GG,Guernsey,AA+,STABLE,,,,,12/2011
GG,Guernsey,AAA,STABLE,,,,,09/2011
GG,Guernsey,AAA,STABLE,,,,,04/2010
HN,Honduras,B+,STA,B2,STA,,,03/2013
HN,Honduras,B+,STABLE,B2,STABLE,,,03/01/2013
HN,Honduras,B+,POSITIVE,B2,STABLE,,,12/10/2012
HN,Honduras,B+,POSITIVE,B2,STABLE,,,26/07/2012
HN,Honduras,B+,STABLE,B2,STABLE,,,08/06/2012
HN,Honduras,B,POSITIVE,B2,STABLE,,,15/03/2012
HN,Honduras,B,POSITIVE,B2,STABLE,,,28/02/2012
HN,Honduras,B,POSITIVE,B2,STABLE,,,01/2012
HN,Honduras,B,POSITIVE,B2,STABLE,,,12/2011
HN,Honduras,B,POSITIVE,B2,STABLE,,,09/2011
HN,Honduras,B,STABLE,B2,STABLE,,,04/2010
HK,Hong Kong,AAA,STA,Aa1,POS,AA+,STA,03/2013
HK,Hong Kong,AAA,STABLE,Aa1,POSITIVE,AA+,STABLE,03/01/2013
HK,Hong Kong,AAA,STABLE,Aa1,POSITIVE,AA+,STABLE,12/10/2012
HK,Hong Kong,AAA,STABLE,Aa1,POSITIVE,AA+,STABLE,26/07/2012
HK,Hong Kong,AAA,STABLE,Aa1,POSITIVE,AA+,STABLE,08/06/2012
HK,Hong Kong,AAA,STABLE,Aa1,POSITIVE,AA+,STABLE,15/03/2012
HK,Hong Kong,AAA,STABLE,Aa1,POSITIVE,AA+,STABLE,28/02/2012
HK,Hong Kong,AAA,STABLE,Aa1,POSITIVE,AA+,STABLE,01/2012
HK,Hong Kong,,,Aa1,POSITIVE,AA+,STABLE,12/2011
HK,Hong Kong,AAA,STABLE,Aa1,POSITIVE,AA+,STABLE,09/2011
HK,Hong Kong,AAA,STABLE,Aa1,POSITIVE,AA+,STABLE,04/2010
HU,Hungary,BB,STA,Ba1,NEG,BB+,STA,03/2013
HU,Hungary,BB,STABLE,Ba1,NEGATIVE,BB+,STABLE,03/01/2013
HU,Hungary,BB+,NEGATIVE,Ba1,NEGATIVE,BB+,NEGATIVE,12/10/2012
HU,Hungary,BB+,NEGATIVE,Ba1,NEGATIVE,BB+,NEGATIVE,26/07/2012
HU,Hungary,BB+,NEGATIVE,Baa3,NEGATIVE,BBB-,NEGATIVE,08/06/2012
HU,Hungary,BB+,NEGATIVE,Baa3,NEGATIVE,BBB-,NEGATIVE,15/03/2012
HU,Hungary,BB+,NEGATIVE,Baa3,NEGATIVE,BBB-,NEGATIVE,28/02/2012
HU,Hungary,BB+,NEGATIVE,Baa3,NEGATIVE,BBB-,NEGATIVE,01/2012
HU,Hungary,BBB-,WATCH NEGATIVE,Baa3,NEGATIVE,BBB-,NEGATIVE,12/2011
HU,Hungary,BBB-,NEGATIVE,Baa3,NEGATIVE,BBB-,STABLE,09/2011
HU,Hungary,BBB-,NEGATIVE,Baa3,NEGATIVE,BBB-,NEGATIVE,04/2010
IS,Iceland,BBB-,STA,Baa3,STA,BBB,STA,03/2013
IS,Iceland,BBB-,STABLE,Baa3,NEGATIVE,BBB-,STABLE,03/01/2013
IS,Iceland,BBB-,STABLE,Baa3,NEGATIVE,BBB-,STABLE,12/10/2012
IS,Iceland,BBB-,STABLE,Baa3,NEGATIVE,BBB-,STABLE,26/07/2012
IS,Iceland,BBB-,STABLE,Baa3,NEGATIVE,BB+,STABLE,08/06/2012
IS,Iceland,BBB-,STABLE,Baa3,NEGATIVE,BB+,STABLE,15/03/2012
IS,Iceland,BBB-,STABLE,Baa3,NEGATIVE,BB+,STABLE,28/02/2012
IS,Iceland,BBB-,STABLE,Baa3,NEGATIVE,BB+,STABLE,01/2012
IS,Iceland,BBB-,STABLE,Baa3,NEGATIVE,BB+,STABLE,12/2011
IS,Iceland,BBB-,NEGATIVE,Baa3,NEGATIVE,BB+,STABLE,09/2011
IS,Iceland,BBB-,NEGATIVE,Baa3,NEGATIVE,BB+,NEGATIVE,04/2010
IN,India,BBB-,NEG,Baa3,STA,BBB-,NEG,03/2013
IN,India,BBB-,NEGATIVE,Baa3,STABLE,BBB-,NEGATIVE,03/01/2013
IN,India,BBB-,NEGATIVE,Baa3,STABLE,BBB-,NEGATIVE,12/10/2012
IN,India,BBB-,NEGATIVE,Baa3,STABLE,BBB-,NEGATIVE,26/07/2012
IN,India,BBB-,STABLE,Baa3,STABLE,BBB-,STABLE,08/06/2012
IN,India,BBB-,STABLE,Baa3,STABLE,BBB-,STABLE,15/03/2012
IN,India,BBB-,STABLE,Baa3,STABLE,BBB-,STABLE,28/02/2012
IN,India,BBB-,STABLE,Baa3,STABLE,BBB-,STABLE,01/2012
IN,India,BBB-,STABLE,Baa3,STABLE,BBB-,STABLE,12/2011
IN,India,BBB-,STABLE,Baa3,STABLE,BBB-,STABLE,09/2011
IN,India,BBB-,STABLE,Baa3,STABLE,BBB-,STABLE,04/2010
ID,Indonesia,BB+,POS,Baa3,STA,BBB-,STA,03/2013
ID,Indonesia,BB+,POSITIVE,Baa3,STABLE,BBB-,STABLE,03/01/2013
ID,Indonesia,BB+,POSITIVE,Baa3,STABLE,BBB-,STABLE,12/10/2012
ID,Indonesia,BB+,POSITIVE,Baa3,STABLE,BBB-,STABLE,26/07/2012
ID,Indonesia,BB+,POSITIVE,Ba1,STABLE,BB+,POSITIVE,08/06/2012
ID,Indonesia,BB+,POSITIVE,Ba1,STABLE,BB+,POSITIVE,15/03/2012
ID,Indonesia,BB+,POSITIVE,Ba1,STABLE,BB+,POSITIVE,28/02/2012
ID,Indonesia,BB+,POSITIVE,Ba1,STABLE,BB+,POSITIVE,01/2012
ID,Indonesia,BB+,POSITIVE,Ba1,STABLE,BB+,POSITIVE,12/2011
ID,Indonesia,BB+,POSITIVE,Ba1,STABLE,BB+,POSITIVE,09/2011
ID,Indonesia,BB,POSITIVE,Ba1,STABLE,BB+,POSITIVE,04/2010
IE,Ireland,BBB+,STA,Ba1,NEG,BBB+,STA,03/2013
IE,Ireland,BBB+,NEGATIVE,Ba1,NEGATIVE,BBB+,STABLE,03/01/2013
IE,Ireland,BBB+,STABLE,Ba1,NEGATIVE,BBB+,NEGATIVE,12/10/2012
IE,Ireland,BBB+,STABLE,Ba1,NEGATIVE,BBB+,NEGATIVE,26/07/2012
IE,Ireland,BBB+,NEGATIVE,Ba1,NEGATIVE,BBB+,NEGATIVE,08/06/2012
IE,Ireland,BBB+,NEGATIVE,Ba1,NEGATIVE,BBB+,NEGATIVE,15/03/2012
IE,Ireland,BBB+,NEGATIVE,Ba1,NEGATIVE,BBB+,NEGATIVE,28/02/2012
IE,Ireland,BBB+,NEGATIVE,Ba1,NEGATIVE,BBB+,NEGATIVE,01/2012
IE,Ireland,BBB+,WATCH NEGATIVE,Ba1,NEGATIVE,BBB+,NEGATIVE,12/2011
IE,Ireland,BBB+,STABLE,Ba1,NEGATIVE,BBB+,NEGATIVE,09/2011
IE,Ireland,BBB+,STABLE,Baa3,NEGATIVE,BBB+,STABLE,04/2010
IM,Isle of Man,AA+,STA,Aaa,STA,,,03/2013
IM,Isle of Man,AA+,STABLE,Aaa,STABLE,,,03/01/2013
IM,Isle of Man,AA+,STABLE,Aaa,STABLE,,,12/10/2012
IM,Isle of Man,AA+,STABLE,Aaa,STABLE,,,26/07/2012
IM,Isle of Man,AA+,STABLE,Aaa,STABLE,,,08/06/2012
IM,Isle of Man,AA+,STABLE,Aaa,STABLE,,,15/03/2012
IM,Isle of Man,AA+,STABLE,Aaa,STABLE,,,28/02/2012
IM,Isle of Man,AA+,STABLE,Aaa,STABLE,,,01/2012
IM,Isle of Man,AA+,STABLE,Aaa,STABLE,,,12/2011
IM,Isle of Man,AAA,STABLE,,,,,09/2011
IM,Isle of Man,AAA,STABLE,Aaa,STABLE,,,04/2010
IL,Israel,A+,STA,A1,STA,A,STA,03/2013
IL,Israel,A+,STABLE,A1,STABLE,A,STABLE,03/01/2013
IL,Israel,A+,STABLE,A1,STABLE,A,STABLE,12/10/2012
IL,Israel,A+,STABLE,A1,STABLE,A,STABLE,26/07/2012
IL,Israel,A+,STABLE,A1,STABLE,A,STABLE,08/06/2012
IL,Israel,A+,STABLE,A1,STABLE,A,STABLE,15/03/2012
IL,Israel,A+,STABLE,A1,STABLE,A,STABLE,28/02/2012
IL,Israel,A+,STABLE,A1,STABLE,A,STABLE,01/2012
IL,Israel,A+,STABLE,A1,STABLE,A,STABLE,12/2011
IL,Israel,A,STABLE,A1,STABLE,A,STABLE,09/2011
IL,Israel,A,STABLE,A1,STABLE,A,STABLE,04/2010
IT,Italy,BBB+,NEG,Baa2,NEG,A-,NEG,03/2013
IT,Italy,BBB+,NEGATIVE,Baa2,NEGATIVE,A-,NEGATIVE,03/01/2013
IT,Italy,BBB+,NEGATIVE,Baa2,NEGATIVE,A-,NEGATIVE,12/10/2012
IT,Italy,BBB+,NEGATIVE,Baa2,NEGATIVE,A-,NEGATIVE,26/07/2012
IT,Italy,BBB+,NEGATIVE,A3,NEGATIVE,A+,NEGATIVE,08/06/2012
IT,Italy,BBB+,NEGATIVE,A3,NEGATIVE,A+,NEGATIVE,15/03/2012
IT,Italy,BBB+,NEGATIVE,A3,NEGATIVE,A+,NEGATIVE,28/02/2012
IT,Italy,BBB+,NEGATIVE,A2,NEGATIVE,A+,NEGATIVE,01/2012
IT,Italy,A,WATCH NEGATIVE,A2,NEGATIVE,A+,NEGATIVE,12/2011
IT,Italy,A,NEGATIVE,Aa2,UNDER REVIEW,AA-,STABLE,09/2011
IT,Italy,A+,STABLE,Aa2,STABLE,AA-,STABLE,04/2010
JM,Jamaica,SD,NM,B3,RUR,RD,,03/2013
JM,Jamaica,B-,NEGATIVE,B3,STABLE,B-,STABLE,03/01/2013
JM,Jamaica,B-,NEGATIVE,B3,STABLE,B-,STABLE,12/10/2012
JM,Jamaica,B-,NEGATIVE,B3,STABLE,B-,STABLE,26/07/2012
JM,Jamaica,B-,NEGATIVE,B3,STABLE,B-,STABLE,08/06/2012
JM,Jamaica,B-,NEGATIVE,B3,STABLE,B-,STABLE,15/03/2012
JM,Jamaica,B-,NEGATIVE,B3,STABLE,B-,STABLE,28/02/2012
JM,Jamaica,B-,NEGATIVE,B3,STABLE,B-,STABLE,01/2012
JM,Jamaica,B-,NEGATIVE,B3,STABLE,B-,STABLE,12/2011
JM,Jamaica,B-,STABLE,B3,STABLE,B-,STABLE,09/2011
JM,Jamaica,B-,STABLE,B3,STABLE,B-,STABLE,04/2010
JP,Japan,AA-,NEG,Aa3,STA,A+,NEG,03/2013
JP,Japan,AA-,NEGATIVE,Aa3,STABLE,A+,NEGATIVE,03/01/2013
JP,Japan,AA-,NEGATIVE,Aa3,STABLE,A+,NEGATIVE,12/10/2012
JP,Japan,AA-,NEGATIVE,Aa3,STABLE,A+,NEGATIVE,26/07/2012
JP,Japan,AA-,NEGATIVE,Aa3,STABLE,AA,NEGATIVE,08/06/2012
JP,Japan,AA-,NEGATIVE,Aa3,STABLE,AA,NEGATIVE,15/03/2012
JP,Japan,AA-,NEGATIVE,Aa3,STABLE,AA,NEGATIVE,28/02/2012
JP,Japan,AA-,NEGATIVE,Aa3,STABLE,AA,NEGATIVE,01/2012
JP,Japan,AA-,NEGATIVE,Aa3,STABLE,AA,NEGATIVE,12/2011
JP,Japan,AA-,NEGATIVE,Aa2,UNDER REVIEW,AA,NEGATIVE,09/2011
JP,Japan,AA-,STABLE,Aa2,NEGATIVE,AA,STABLE,04/2010
JO,Jordan,BB,NEG,Ba2,NEG,,,03/2013
JO,Jordan,BB,NEGATIVE,Ba2,NEGATIVE,,,03/01/2013
JO,Jordan,BB,NEGATIVE,Ba2,NEGATIVE,,,12/10/2012
JO,Jordan,BB,NEGATIVE,Ba2,NEGATIVE,,,26/07/2012
JO,Jordan,BB,NEGATIVE,Ba2,NEGATIVE,,,08/06/2012
JO,Jordan,BB,NEGATIVE,Ba2,NEGATIVE,,,15/03/2012
JO,Jordan,BB,NEGATIVE,Ba2,NEGATIVE,,,28/02/2012
JO,Jordan,BB,NEGATIVE,Ba2,NEGATIVE,,,01/2012
JO,Jordan,BB,NEGATIVE,Ba2,NEGATIVE,,,12/2011
JO,Jordan,BB,NEGATIVE,Ba2,NEGATIVE,,,09/2011
JO,Jordan,BB,NEGATIVE,Ba2,NEGATIVE,,,04/2010
KZ,Kazakhstan,BBB+,STA,Baa2,STA,BBB+,STA,03/2013
KZ,Kazakhstan,BBB+,STABLE,Baa2,STABLE,BBB+,STABLE,03/01/2013
KZ,Kazakhstan,BBB+,STABLE,Baa2,STABLE,BBB,POSITIVE,12/10/2012
KZ,Kazakhstan,BBB+,STABLE,Baa2,STABLE,BBB,POSITIVE,26/07/2012
KZ,Kazakhstan,BBB+,STABLE,Baa2,STABLE,BBB,POSITIVE,08/06/2012
KZ,Kazakhstan,BBB+,STABLE,Baa2,STABLE,BBB,POSITIVE,15/03/2012
KZ,Kazakhstan,BBB+,STABLE,Baa2,STABLE,BBB,POSITIVE,28/02/2012
KZ,Kazakhstan,BBB+,STABLE,Baa2,STABLE,BBB,POSITIVE,01/2012
KZ,Kazakhstan,BBB+,STABLE,Baa2,STABLE,BBB,POSITIVE,12/2011
KZ,Kazakhstan,BBB,STABLE,Baa2,STABLE,BBB-,POSITIVE,09/2011
KZ,Kazakhstan,BBB,STABLE,Baa2,STABLE,BBB-,POSITIVE,04/2010
KE,Kenya,B+,STA,B1,STA,B+,STA,03/2013
KE,Kenya,B+,STABLE,B1,STABLE,B+,STABLE,03/01/2013
KE,Kenya,B+,STABLE,,,B+,STABLE,12/10/2012
KE,Kenya,B+,STABLE,,,B+,STABLE,26/07/2012
KE,Kenya,B+,STABLE,,,B+,STABLE,08/06/2012
KE,Kenya,B+,STABLE,,,B+,STABLE,15/03/2012
KE,Kenya,B+,STABLE,,,B+,STABLE,28/02/2012
KE,Kenya,B+,STABLE,,,B+,STABLE,01/2012
KE,Kenya,B+,STABLE,,,B+,STABLE,12/2011
KE,Kenya,B+,STABLE,,,B+,STABLE,09/2011
KE,Kenya,B+,STABLE,,,B+,STABLE,04/2010
KP,Korea,A+,STA,Aa3,STA,,,03/2013
KP,Korea,A+,STABLE,Aa3,STABLE,,,03/01/2013
KP,Korea,,,Aa3,STABLE,,,12/10/2012
KP,Korea,,,A1,POSITIVE,,,26/07/2012
KP,Korea,A,STABLE,A1,STABLE,A+,POSITIVE,08/06/2012
KP,Korea,A,STABLE,A1,STABLE,A+,POSITIVE,15/03/2012
KP,Korea,A,STABLE,A1,STABLE,A+,POSITIVE,28/02/2012
KP,Korea,A,STABLE,A1,STABLE,A+,POSITIVE,01/2012
KP,Korea,,,A1,STABLE,A+,POSITIVE,12/2011
KP,Korea,A,STABLE,A1,STABLE,A+,STABLE,09/2011
KW,Kuwait,AA,STA,Aa2,STA,AA,STA,03/2013
KW,Kuwait,AA,STABLE,Aa2,STABLE,AA,STABLE,03/01/2013
KW,Kuwait,AA,STABLE,Aa2,STABLE,AA,STABLE,12/10/2012
KW,Kuwait,AA,STABLE,Aa2,STABLE,AA,STABLE,26/07/2012
KW,Kuwait,AA,STABLE,Aa2,STABLE,AA,STABLE,08/06/2012
KW,Kuwait,AA,STABLE,Aa2,STABLE,AA,STABLE,15/03/2012
KW,Kuwait,AA,STABLE,Aa2,STABLE,AA,STABLE,28/02/2012
KW,Kuwait,AA,STABLE,Aa2,STABLE,AA,STABLE,01/2012
KW,Kuwait,AA,STABLE,Aa2,STABLE,AA,STABLE,12/2011
KW,Kuwait,AA,STABLE,Aa2,STABLE,AA,STABLE,09/2011
KW,Kuwait,AA-,STABLE,Aa2,STABLE,AA,STABLE,04/2010
LV,Latvia,BBB,POS,Baa3,POS,BBB,POS,03/2013
LV,Latvia,BBB,POSITIVE,Baa3,POSITIVE,BBB,POSITIVE,03/01/2013
LV,Latvia,BBB-,STABLE,Baa3,POSITIVE,BBB-,STABLE,12/10/2012
LV,Latvia,BBB-,STABLE,Baa3,POSITIVE,BBB-,STABLE,26/07/2012
LV,Latvia,BB+,POSITIVE,Baa3,POSITIVE,BBB-,POSITIVE,08/06/2012
LV,Latvia,BB+,POSITIVE,Baa3,POSITIVE,BBB-,POSITIVE,15/03/2012
LV,Latvia,BB+,POSITIVE,Baa3,POSITIVE,BBB-,POSITIVE,28/02/2012
LV,Latvia,BB+,POSITIVE,Baa3,POSITIVE,BBB-,POSITIVE,01/2012
LV,Latvia,BB+,POSITIVE,Baa3,POSITIVE,BBB-,POSITIVE,12/2011
LV,Latvia,BB+,POSITIVE,Baa3,POSITIVE,BBB-,POSITIVE,09/2011
LV,Latvia,BB+,STABLE,Baa3,STABLE,BBB-,POSITIVE,04/2010
LB,Lebanon,B,NEG,B1,STA,B,STA,03/2013
LB,Lebanon,B,NEGATIVE,B1,STABLE,B,STABLE,03/01/2013
LB,Lebanon,B,NEGATIVE,B1,STABLE,B,STABLE,12/10/2012
LB,Lebanon,B,NEGATIVE,B1,STABLE,B,STABLE,26/07/2012
LB,Lebanon,B,STABLE,B1,STABLE,B,STABLE,08/06/2012
LB,Lebanon,B,STABLE,B1,STABLE,B,STABLE,15/03/2012
LB,Lebanon,B,STABLE,B1,STABLE,B,STABLE,28/02/2012
LB,Lebanon,B,STABLE,B1,STABLE,B,STABLE,01/2012
LB,Lebanon,B,STABLE,B1,STABLE,B,STABLE,12/2011
LB,Lebanon,B,STABLE,B1,STABLE,B,STABLE,09/2011
LB,Lebanon,B,STABLE,B1,STABLE,B,STABLE,04/2010
LS,Lesotho,,,,,BB-,NEGATIVE,12/10/2012
LS,Lesotho,,,,,BB-,NEGATIVE,26/07/2012
LS,Lesotho,,,,,BB-,NEGATIVE,08/06/2012
LS,Lesotho,,,,,BB-,NEGATIVE,15/03/2012
LS,Lesotho,,,,,BB-,NEGATIVE,28/02/2012
LS,Lesotho,,,,,BB-,NEGATIVE,01/2012
LS,Lesotho,,,,,BB-,NEGATIVE,12/2011
LS,Lesotho,,,,,BB-,NEGATIVE,09/2011
LY,Libya,,,,,,,03/2013
LY,Libya,NR,,,,,,03/01/2013
LI,Liechtenstein,AAA,STA,,,,,03/2013
LI,Liechtenstein,AAA,STABLE,,,,,03/01/2013
LI,Liechtenstein,AAA,STABLE,,,,,12/10/2012
LI,Liechtenstein,AAA,STABLE,,,,,26/07/2012
LI,Liechtenstein,AAA,STABLE,,,,,08/06/2012
LI,Liechtenstein,AAA,STABLE,,,,,15/03/2012
LI,Liechtenstein,AAA,STABLE,,,,,28/02/2012
LI,Liechtenstein,AAA,STABLE,,,,,01/2012
LI,Liechtenstein,AAA,STABLE,,,,,12/2011
LI,Liechtenstein,AAA,STABLE,,,,,09/2011
LI,Liechtenstein,AAA,STABLE,,,,,04/2010
LT,Lithuania,BBB,STA,Baa1,STA,BBB,STA,03/2013
LT,Lithuania,BBB,STABLE,Baa1,STABLE,BBB,STABLE,03/01/2013
LT,Lithuania,BBB,STABLE,Baa1,STABLE,BBB,STABLE,12/10/2012
LT,Lithuania,BBB,STABLE,Baa1,STABLE,BBB,STABLE,26/07/2012
LT,Lithuania,BBB,STABLE,Baa1,STABLE,BBB,POSITIVE,08/06/2012
LT,Lithuania,BBB,STABLE,Baa1,STABLE,BBB,POSITIVE,15/03/2012
LT,Lithuania,BBB,STABLE,Baa1,STABLE,BBB,POSITIVE,28/02/2012
LT,Lithuania,BBB,STABLE,Baa1,STABLE,BBB,POSITIVE,01/2012
LT,Lithuania,BBB,STABLE,Baa1,STABLE,BBB,POSITIVE,12/2011
LT,Lithuania,BBB,STABLE,Baa1,STABLE,BBB,POSITIVE,09/2011
LT,Lithuania,BBB,STABLE,Baa1,STABLE,BBB,STABLE,04/2010
LU,Luxembourg,AAA,STA,Aaa,NEG,AAA,STA,03/2013
LU,Luxembourg,AAA,NEGATIVE,Aaa,NEGATIVE,AAA,STABLE,03/01/2013
LU,Luxembourg,AAA,NEGATIVE,Aaa,NEGATIVE,AAA,STABLE,12/10/2012
LU,Luxembourg,AAA,NEGATIVE,Aaa,NEGATIVE,AAA,STABLE,26/07/2012
LU,Luxembourg,AAA,NEGATIVE,Aaa,STABLE,AAA,STABLE,08/06/2012
LU,Luxembourg,AAA,NEGATIVE,Aaa,STABLE,AAA,STABLE,15/03/2012
LU,Luxembourg,AAA,NEGATIVE,Aaa,STABLE,AAA,STABLE,28/02/2012
LU,Luxembourg,AAA,NEGATIVE,Aaa,STABLE,AAA,STABLE,01/2012
LU,Luxembourg,AAA,WATCH NEGATIVE,Aaa,STABLE,AAA,STABLE,12/2011
LU,Luxembourg,AAA,STABLE,Aaa,STABLE,AAA,STABLE,09/2011
LU,Luxembourg,AAA,STABLE,Aaa,STABLE,AAA,STABLE,04/2010
MAC,Macao,,,Aa3,STA,,,03/2013
MAC,Macao,,,Aa3,STABLE,,,03/01/2013
MAC,Macao,,,,,,,12/10/2012
MAC,Macao,,,Aa3,STABLE,,,26/07/2012
MKD,Macedonia,BB,STA,,,BB+,STA,03/2013
MKD,Macedonia,BB,STABLE,,,BB+,STABLE,03/01/2013
MKD,Macedonia,BB,STABLE,,,BB+,STABLE,12/10/2012
MKD,Macedonia,BB,STABLE,,,BB+,STABLE,26/07/2012
MKD,Macedonia,BB,STABLE,,,BB+,STABLE,08/06/2012
MKD,Macedonia,BB,STABLE,,,BB+,STABLE,15/03/2012
MKD,Macedonia,BB,STABLE,,,BB+,STABLE,28/02/2012
MKD,Macedonia,BB,STABLE,,,BB+,STABLE,01/2012
MKD,Macedonia,,,,,BB+,STABLE,12/2011
MKD,Macedonia,BB,STABLE,,,BB+,STABLE,09/2011
MKD,Macedonia,BB,STABLE,,,BB+,STABLE,04/2010
MY,Malaysia,A-,STA,A3,STA,A-,STA,03/2013
MY,Malaysia,A-,STABLE,A3,STABLE,A-,STABLE,03/01/2013
MY,Malaysia,A-,STABLE,A3,STABLE,A-,STABLE,12/10/2012
MY,Malaysia,A-,STABLE,A3,STABLE,A-,STABLE,26/07/2012
MY,Malaysia,A-,STABLE,A3,STABLE,A-,STABLE,08/06/2012
MY,Malaysia,A-,STABLE,A3,STABLE,A-,STABLE,15/03/2012
MY,Malaysia,A-,STABLE,A3,STABLE,A-,STABLE,28/02/2012
MY,Malaysia,A-,STABLE,A3,STABLE,A-,STABLE,01/2012
MY,Malaysia,A-,STABLE,A3,STABLE,A-,STABLE,12/2011
MY,Malaysia,A-,STABLE,A3,STABLE,A-,STABLE,09/2011
MY,Malaysia,A-,STABLE,A3,STABLE,A-,STABLE,04/2010
ML,Mali,,,,,,,03/2013
ML,Mali,NR,,,,,,03/01/2013
MT,Malta,BBB+,STA,A3,NEG,A+,STA,03/2013
MT,Malta,A-,NEGATIVE,A3,NEGATIVE,A+,STABLE,03/01/2013
MT,Malta,A-,NEGATIVE,A3,NEGATIVE,A+,STABLE,12/10/2012
MT,Malta,A-,NEGATIVE,A3,NEGATIVE,A+,STABLE,26/07/2012
MT,Malta,A-,NEGATIVE,A3,NEGATIVE,A+,STABLE,08/06/2012
MT,Malta,A-,NEGATIVE,A3,NEGATIVE,A+,STABLE,15/03/2012
MT,Malta,A-,NEGATIVE,A3,NEGATIVE,A+,STABLE,28/02/2012
MT,Malta,A-,NEGATIVE,A2,NEGATIVE,A+,STABLE,01/2012
MT,Malta,A,WATCH NEGATIVE,A2,NEGATIVE,A+,STABLE,12/2011
MT,Malta,A,STABLE,A1,STABLE,A+,STABLE,09/2011
MT,Malta,A,STABLE,A1,STABLE,A+,STABLE,04/2010
MUS,Mauritius,,,Baa1,STA,,,03/2013
MUS,Mauritius,,,Baa1,STABLE,,,03/01/2013
MUS,Mauritius,,,Baa1,STABLE,,,12/10/2012
MUS,Mauritius,,,Baa1,STABLE,,,26/07/2012
MX,Mexico,BBB,STA,Baa1,STA,BBB,STA,03/2013
MX,Mexico,BBB,STABLE,Baa1,STABLE,BBB,STABLE,03/01/2013
MX,Mexico,BBB,STABLE,Baa1,STABLE,BBB,STABLE,12/10/2012
MX,Mexico,BBB,STABLE,Baa1,STABLE,BBB,STABLE,26/07/2012
MX,Mexico,BBB,STABLE,Baa1,STABLE,BBB,STABLE,08/06/2012
MX,Mexico,BBB,STABLE,Baa1,STABLE,BBB,STABLE,15/03/2012
MX,Mexico,BBB,STABLE,Baa1,STABLE,BBB,STABLE,28/02/2012
MX,Mexico,BBB,STABLE,Baa1,STABLE,BBB,STABLE,01/2012
MX,Mexico,BBB,STABLE,Baa1,STABLE,BBB,STABLE,12/2011
MX,Mexico,BBB,STABLE,Baa1,STABLE,BBB,STABLE,09/2011
MX,Mexico,BBB,STABLE,Baa1,STABLE,BBB,STABLE,04/2010
MDA,Moldova,,,B3,STA,,,03/2013
MDA,Moldova,,,B3,STABLE,,,03/01/2013
MDA,Moldova,,,B3,STABLE,,,12/10/2012
MDA,Moldova,,,B3,STABLE,,,26/07/2012
MN,Mongolia,BB-,STA,B1,STA,B+,STA,03/2013
MN,Mongolia,BB-,STABLE,B1,STABLE,B+,STABLE,03/01/2013
MN,Mongolia,BB-,POSITIVE,B1,STABLE,B+,STABLE,12/10/2012
MN,Mongolia,BB-,POSITIVE,B1,STABLE,B+,STABLE,26/07/2012
MN,Mongolia,BB-,STABLE,B1,STABLE,B+,STABLE,08/06/2012
MN,Mongolia,BB-,STABLE,B1,STABLE,B+,STABLE,15/03/2012
MN,Mongolia,BB-,STABLE,B1,STABLE,B+,STABLE,28/02/2012
MN,Mongolia,BB-,STABLE,B1,STABLE,B+,STABLE,01/2012
MN,Mongolia,BB-,STABLE,B1,STABLE,B+,STABLE,12/2011
MN,Mongolia,BB-,STABLE,B1,STABLE,B+,STABLE,09/2011
MN,Mongolia,BB-,STABLE,B1,STABLE,B+,STABLE,04/2010
ME,Montenegro,BB-,STA,Ba3,STA,,,03/2013
ME,Montenegro,BB-,STABLE,Ba3,STABLE,,,03/01/2013
ME,Montenegro,BB-,STABLE,Ba3,STABLE,,,12/10/2012
ME,Montenegro,BB-,STABLE,Ba3,STABLE,,,26/07/2012
ME,Montenegro,BB,NEGATIVE,Ba3,STABLE,,,08/06/2012
ME,Montenegro,BB,NEGATIVE,Ba3,STABLE,,,15/03/2012
ME,Montenegro,BB,NEGATIVE,Ba3,STABLE,,,28/02/2012
ME,Montenegro,BB,NEGATIVE,Ba3,STABLE,,,01/2012
ME,Montenegro,BB,NEGATIVE,Ba3,STABLE,,,12/2011
ME,Montenegro,BB,NEGATIVE,Ba3,STABLE,,,09/2011
ME,Montenegro,BB,NEGATIVE,Ba3,NEGATIVE,,,04/2010
MS,Montserrat,BBB-,STABLE,,,,,26/07/2012
MS,Montserrat,,,,,,,08/06/2012
MS,Montserrat,,,,,,,15/03/2012
MS,Montserrat,,,,,,,28/02/2012
MS,Montserrat,,,,,,,01/2012
MS,Montserrat,BBB-,STABLE,,,,,12/10/2012
MS,Montserrat,BBB-,STA,,,,,03/2013
MS,Montserrat,BBB-,STABLE,,,,,03/01/2013
MA,Morocco,BBB-,NEG,Ba1,NEG,BBB-,STA,03/2013
MA,Morocco,BBB-,NEGATIVE,Ba1,STABLE,BBB-,STABLE,03/01/2013
MA,Morocco,BBB-,STABLE,Ba1,STABLE,BBB-,STABLE,12/10/2012
MA,Morocco,BBB,STABLE,Ba1,STABLE,BBB-,STABLE,26/07/2012
MA,Morocco,BBB-,STABLE,Ba1,STABLE,BBB-,STABLE,08/06/2012
MA,Morocco,BBB-,STABLE,Ba1,STABLE,BBB-,STABLE,15/03/2012
MA,Morocco,BBB-,STABLE,Ba1,STABLE,BBB-,STABLE,28/02/2012
MA,Morocco,BBB-,STABLE,Ba1,STABLE,BBB-,STABLE,01/2012
MA,Morocco,BBB-,STABLE,Ba1,STABLE,BBB-,STABLE,12/2011
MA,Morocco,BBB-,STABLE,Ba1,STABLE,BBB-,STABLE,09/2011
MA,Morocco,BBB-,STABLE,Ba1,STABLE,BBB-,STABLE,04/2010
MZ,Mozambique,B+,STA,,,B,POS,03/2013
MZ,Mozambique,B+,STABLE,,,B,POSITIVE,03/01/2013
MZ,Mozambique,B+,STABLE,,,B,POSITIVE,12/10/2012
MZ,Mozambique,B+,STABLE,,,B,POSITIVE,26/07/2012
MZ,Mozambique,B+,STABLE,,,B,STABLE,08/06/2012
MZ,Mozambique,B+,STABLE,,,B,STABLE,15/03/2012
MZ,Mozambique,B+,STABLE,,,B,STABLE,28/02/2012
MZ,Mozambique,B+,STABLE,,,B,STABLE,01/2012
MZ,Mozambique,B+,STABLE,,,B,STABLE,12/2011
MZ,Mozambique,B+,STABLE,,,B,STABLE,09/2011
MZ,Mozambique,B+,STABLE,,,B,STABLE,04/2010
NA,Namibia,,,Baa3,STA,,,03/2013
NA,Namibia,,,Baa3,STABLE,,,03/01/2013
NA,Namibia,,,Baa3,STABLE,BBB-,STABLE,12/10/2012
NA,Namibia,,,Baa3,STABLE,BBB-,STABLE,26/07/2012
NA,Namibia,,,Baa3,STABLE,BBB-,POSITIVE,08/06/2012
NA,Namibia,,,Baa3,STABLE,BBB-,POSITIVE,15/03/2012
NA,Namibia,,,Baa3,STABLE,BBB-,POSITIVE,28/02/2012
NA,Namibia,,,Baa3,STABLE,BBB-,POSITIVE,01/2012
NA,Namibia,,,Baa3,STABLE,BBB-,POSITIVE,12/2011
NA,Namibia,,,,,BBB-,POSITIVE,09/2011
NL,Netherlands,AAA,NEG,Aaa,NEG,AAA,NEG,03/2013
NL,Netherlands,AAA,NEGATIVE,Aaa,NEGATIVE,AAA,STABLE,03/01/2013
NL,Netherlands,AAA,NEGATIVE,Aaa,NEGATIVE,AAA,STABLE,12/10/2012
NL,Netherlands,AAA,NEGATIVE,Aaa,NEGATIVE,AAA,STABLE,26/07/2012
NL,Netherlands,AAA,WATCH NEGATIVE,Aaa,STABLE,AAA,STABLE,08/06/2012
NL,Netherlands,AAA,WATCH NEGATIVE,Aaa,STABLE,AAA,STABLE,15/03/2012
NL,Netherlands,AAA,WATCH NEGATIVE,Aaa,STABLE,AAA,STABLE,28/02/2012
NL,Netherlands,AAA,WATCH NEGATIVE,Aaa,STABLE,AAA,STABLE,01/2012
NL,Netherlands,AAA,WATCH NEGATIVE,Aaa,STABLE,AAA,STABLE,12/2011
NL,Netherlands,AAA,STABLE,Aaa,STABLE,AAA,STABLE,09/2011
NL,Netherlands,AAA,STABLE,Aaa,STABLE,AAA,STABLE,04/2010
NZ,New Zealand,AA,STA,Aaa,STA,AA,STA,03/2013
NZ,New Zealand,AA,STABLE,Aaa,STABLE,AA,STABLE,03/01/2013
NZ,New Zealand,AAA,STABLE,Aaa,STABLE,AA,STABLE,12/10/2012
NZ,New Zealand,AA,STABLE,Aaa,STABLE,AA,STABLE,26/07/2012
NZ,New Zealand,AA,STABLE,Aaa,STABLE,AA,STABLE,08/06/2012
NZ,New Zealand,AA,STABLE,Aaa,STABLE,AA,STABLE,15/03/2012
NZ,New Zealand,AA,STABLE,Aaa,STABLE,AA,STABLE,28/02/2012
NZ,New Zealand,AA,STABLE,Aaa,STABLE,AA,STABLE,01/2012
NZ,New Zealand,,,Aaa,STABLE,AA,STABLE,12/2011
NZ,New Zealand,AA+,NEGATIVE,Aaa,STABLE,AA+,NEGATIVE,09/2011
NZ,New Zealand,AA+,NEGATIVE,Aaa,STABLE,AA+,NEGATIVE,04/2010
NI,Nicaragua,,,B3,STA,,,03/2013
NI,Nicaragua,,,B3,STABLE,,,03/01/2013
NG,Nigeria,BB-,STA,Ba3,STA,BB-,STA,03/2013
NG,Nigeria,BB-,STABLE,Ba3,STABLE,BB-,STABLE,03/01/2013
NG,Nigeria,B+,STABLE,,,BB-,STABLE,12/10/2012
NG,Nigeria,B+,STABLE,B3,STABLE,BB-,STABLE,26/07/2012
NG,Nigeria,B+,STABLE,,,BB-,STABLE,08/06/2012
NG,Nigeria,B+,STABLE,,,BB-,STABLE,15/03/2012
NG,Nigeria,B+,STABLE,,,BB-,STABLE,28/02/2012
NG,Nigeria,B+,STABLE,,,BB-,STABLE,01/2012
NG,Nigeria,B+,STABLE,,,BB-,STABLE,12/2011
NG,Nigeria,B+,STABLE,,,BB-,NEGATIVE,09/2011
NG,Nigeria,B+,STABLE,,,BB-,NEGATIVE,04/2010
NO,Norway,AAA,STA,Aaa,STA,AAA,STA,03/2013
NO,Norway,AAA,STABLE,Aaa,STABLE,AAA,STABLE,03/01/2013
NO,Norway,AAA,STABLE,Aaa,STABLE,AAA,STABLE,12/10/2012
NO,Norway,AAA,STABLE,Aaa,STABLE,AAA,STABLE,26/07/2012
NO,Norway,AAA,STABLE,Aaa,STABLE,AAA,STABLE,08/06/2012
NO,Norway,AAA,STABLE,Aaa,STABLE,AAA,STABLE,15/03/2012
NO,Norway,AAA,STABLE,Aaa,STABLE,AAA,STABLE,28/02/2012
NO,Norway,AAA,STABLE,Aaa,STABLE,AAA,STABLE,01/2012
NO,Norway,AAA,STABLE,Aaa,STABLE,AAA,STABLE,12/2011
NO,Norway,AAA,STABLE,Aaa,STABLE,AAA,STABLE,09/2011
NO,Norway,AAA,STABLE,Aaa,STABLE,AAA,STABLE,04/2010
OM,Oman,A,STA,A1,STA,,,03/2013
OM,Oman,A,STABLE,A1,STABLE,,,03/01/2013
OM,Oman,A,STABLE,A1,STABLE,,,12/10/2012
OM,Oman,A,STABLE,A1,STABLE,,,26/07/2012
OM,Oman,A,NEGATIVE,A1,STABLE,,,08/06/2012
OM,Oman,A,NEGATIVE,A1,STABLE,,,15/03/2012
OM,Oman,A,NEGATIVE,A1,STABLE,,,28/02/2012
OM,Oman,A,NEGATIVE,A1,STABLE,,,01/2012
OM,Oman,A,NEGATIVE,A1,STABLE,,,12/2011
OM,Oman,A,NEGATIVE,A1,STABLE,,,09/2011
OM,Oman,A,STABLE,A1,STABLE,,,04/2010
PK,Pakistan,B-,STA,Caa1,NEG,,,03/2013
PK,Pakistan,B-,STABLE,Caa1,NEGATIVE,,,03/01/2013
PK,Pakistan,B-,STABLE,Caa1,NEGATIVE,,,12/10/2012
PK,Pakistan,B-,STABLE,Caa1,NEGATIVE,,,26/07/2012
PK,Pakistan,B-,STABLE,B3,STABLE,,,08/06/2012
PK,Pakistan,B-,STABLE,B3,STABLE,,,15/03/2012
PK,Pakistan,B-,STABLE,B3,STABLE,,,28/02/2012
PK,Pakistan,B-,STABLE,B3,STABLE,,,01/2012
PK,Pakistan,B-,STABLE,B3,STABLE,,,12/2011
PK,Pakistan,B-,STABLE,B3,STABLE,,,09/2011
PK,Pakistan,B-,STABLE,B3,STABLE,,,04/2010
PA,Panama,BBB,STA,Baa2,STA,BBB,STA,03/2013
PA,Panama,BBB,STABLE,Baa2,STABLE,BBB,STABLE,03/01/2013
PA,Panama,BBB,STABLE,Baa3,POSITIVE,BBB,STABLE,12/10/2012
PA,Panama,BBB,STABLE,Baa3,POSITIVE,BBB,STABLE,26/07/2012
PA,Panama,BBB-,POSITIVE,Baa3,POSITIVE,BBB,STABLE,08/06/2012
PA,Panama,BBB-,POSITIVE,Baa3,POSITIVE,BBB,STABLE,15/03/2012
PA,Panama,BBB-,POSITIVE,Baa3,POSITIVE,BBB,STABLE,28/02/2012
PA,Panama,BBB-,POSITIVE,Baa3,POSITIVE,BBB,STABLE,01/2012
PA,Panama,BBB-,POSITIVE,Baa3,POSITIVE,BBB,STABLE,12/2011
PA,Panama,BBB-,POSITIVE,Baa3,STABLE,BBB,STABLE,09/2011
PA,Panama,BBB-,STABLE,Baa3,STABLE,BBB-,POSITIVE,04/2010
PG,Papua New Guinea,B+,STA,B1,STA,,,03/2013
PG,Papua New Guinea,B+,STABLE,B1,STABLE,,,03/01/2013
PG,Papua New Guinea,B+,NEGATIVE,B1,STABLE,,,12/10/2012
PG,Papua New Guinea,B+,NEGATIVE,B1,STABLE,,,26/07/2012
PG,Papua New Guinea,B+,STABLE,B1,STABLE,,,08/06/2012
PG,Papua New Guinea,B+,STABLE,B1,STABLE,,,15/03/2012
PG,Papua New Guinea,B+,STABLE,B1,STABLE,,,28/02/2012
PG,Papua New Guinea,B+,STABLE,B1,STABLE,,,01/2012
PG,Papua New Guinea,B+,STABLE,B1,STABLE,,,12/2011
PG,Papua New Guinea,B+,STABLE,B1,STABLE,,,09/2011
PG,Papua New Guinea,B+,STABLE,B1,STABLE,,,04/2010
PY,Paraguay,BB-,STA,Ba3,STA,BB-,STA,03/2013
PY,Paraguay,BB-,STABLE,B1,STABLE,,,03/01/2013
PY,Paraguay,BB-,NEGATIVE,B1,STABLE,,,12/10/2012
PY,Paraguay,BB-,NEGATIVE,B1,STABLE,,,26/07/2012
PY,Paraguay,BB-,STABLE,B1,STABLE,,,08/06/2012
PY,Paraguay,BB-,STABLE,B1,STABLE,,,15/03/2012
PY,Paraguay,BB-,STABLE,B1,STABLE,,,28/02/2012
PY,Paraguay,BB-,STABLE,B1,STABLE,,,01/2012
PY,Paraguay,BB-,STABLE,B1,STABLE,,,12/2011
PY,Paraguay,B+,POSITIVE,B1,STABLE,,,09/2011
PY,Paraguay,B+,POSITIVE,B1,STABLE,,,04/2010
PE,Peru,BBB,POS,Baa2,POS,BBB,STA,03/2013
PE,Peru,BBB,POSITIVE,Baa2,POSITIVE,BBB,STABLE,03/01/2013
PE,Peru,BBB,STABLE,Baa2,POSITIVE,BBB,STABLE,12/10/2012
PE,Peru,BBB,STABLE,Baa3,POSITIVE,BBB,STABLE,26/07/2012
PE,Peru,BBB,STABLE,Baa3,POSITIVE,BBB,STABLE,08/06/2012
PE,Peru,BBB,STABLE,Baa3,POSITIVE,BBB,STABLE,15/03/2012
PE,Peru,BBB,STABLE,Baa3,POSITIVE,BBB,STABLE,28/02/2012
PE,Peru,BBB,STABLE,Baa3,POSITIVE,BBB,STABLE,01/2012
PE,Peru,BBB,STABLE,Baa3,POSITIVE,BBB,STABLE,12/2011
PE,Peru,BBB-,POSITIVE,Baa3,POSITIVE,BBB-,POSITIVE,09/2011
PE,Peru,BBB-,POSITIVE,Baa3,STABLE,BBB-,POSITIVE,04/2010
PH,Philippines,BB+,POS,Ba1,STA,BB+,STA,03/2013
PH,Philippines,BB+,POSITIVE,Ba1,STABLE,BB+,STABLE,03/01/2013
PH,Philippines,BB+,STABLE,Ba2,POSITIVE,BB+,STABLE,12/10/2012
PH,Philippines,BB+,STABLE,Ba2,POSITIVE,BB+,STABLE,26/07/2012
PH,Philippines,BB,STABLE,Ba2,STABLE,BB+,STABLE,08/06/2012
PH,Philippines,BB,STABLE,Ba2,STABLE,BB+,STABLE,15/03/2012
PH,Philippines,BB,STABLE,Ba2,STABLE,BB+,STABLE,28/02/2012
PH,Philippines,BB,STABLE,Ba2,STABLE,BB+,STABLE,01/2012
PH,Philippines,BB,STABLE,Ba2,STABLE,BB+,STABLE,12/2011
PH,Philippines,BB,STABLE,Ba2,STABLE,BB+,STABLE,09/2011
PH,Philippines,BB,STABLE,Ba3,POSITIVE,BB,STABLE,04/2010
PL,Poland,A-,STA,A2,STA,A-,POS,03/2013
PL,Poland,A-,STABLE,A2,STABLE,A-,STABLE,03/01/2013
PL,Poland,A-,STABLE,A2,STABLE,A-,STABLE,12/10/2012
PL,Poland,A,STABLE,A2,STABLE,A-,STABLE,26/07/2012
PL,Poland,A-,STABLE,A2,STABLE,A-,STABLE,08/06/2012
PL,Poland,A-,STABLE,A2,STABLE,A-,STABLE,15/03/2012
PL,Poland,A-,STABLE,A2,STABLE,A-,STABLE,28/02/2012
PL,Poland,A-,STABLE,A2,STABLE,A-,STABLE,01/2012
PL,Poland,A-,STABLE,A2,STABLE,A-,STABLE,12/2011
PL,Poland,A-,STABLE,A2,STABLE,A-,STABLE,09/2011
PL,Poland,A-,STABLE,A2,STABLE,A-,STABLE,04/2010
PT,Portugal,BB,NEG,Ba3,NEG,BB+,NEG,03/2013
PT,Portugal,BB,NEGATIVE,Ba3,NEGATIVE,BB+,NEGATIVE,03/01/2013
PT,Portugal,BB,NEGATIVE,Ba3,NEGATIVE,BB+,NEGATIVE,12/10/2012
PT,Portugal,BB,NEGATIVE,Ba3,NEGATIVE,BB+,NEGATIVE,26/07/2012
PT,Portugal,BB,NEGATIVE,Ba3,NEGATIVE,BBB-,NEGATIVE,08/06/2012
PT,Portugal,BB,NEGATIVE,Ba3,NEGATIVE,BBB-,NEGATIVE,15/03/2012
PT,Portugal,BB,NEGATIVE,Ba3,NEGATIVE,BBB-,NEGATIVE,28/02/2012
PT,Portugal,BB,NEGATIVE,Ba2,NEGATIVE,BBB-,NEGATIVE,01/2012
PT,Portugal,BBB-,WATCH NEGATIVE,Ba2,NEGATIVE,BBB-,NEGATIVE,12/2011
PT,Portugal,BBB-,NEGATIVE,Ba2,NEGATIVE,BBB-,NEGATIVE,09/2011
PT,Portugal,A-,NEGATIVE,A1,RUR-,A-,NEGATIVE/WATCH,04/2010
QA,Qatar,AA,STA,Aa2,STA,,,03/2013
QA,Qatar,AA,STABLE,Aa2,STABLE,,,03/01/2013
QA,Qatar,AAA,STABLE,Aa2,STABLE,,,12/10/2012
QA,Qatar,AA,STABLE,Aa2,STABLE,,,26/07/2012
QA,Qatar,AA,STABLE,Aa2,STABLE,,,08/06/2012
QA,Qatar,AA,STABLE,Aa2,STABLE,,,15/03/2012
QA,Qatar,AA,STABLE,Aa2,STABLE,,,28/02/2012
QA,Qatar,AA,STABLE,Aa2,STABLE,,,01/2012
QA,Qatar,AA,STABLE,Aa2,STABLE,,,12/2011
QA,Qatar,AA,STABLE,Aa2,STABLE,,,09/2011
QA,Qatar,AA,STABLE,Aa2,STABLE,,,04/2010
RO,Romania,BB+,STA,Baa3,NEG,BBB-,STA,03/2013
RO,Romania,BB+,STABLE,Baa3,NEGATIVE,BBB-,STABLE,03/01/2013
RO,Romania,BB+,STABLE,Baa3,NEGATIVE,BBB-,STABLE,12/10/2012
RO,Romania,BB+,STABLE,Baa3,NEGATIVE,BBB-,STABLE,26/07/2012
RO,Romania,BB+,STABLE,Baa3,STABLE,BBB-,STABLE,08/06/2012
RO,Romania,BB+,STABLE,Baa3,STABLE,BBB-,STABLE,15/03/2012
RO,Romania,BB+,STABLE,Baa3,STABLE,BBB-,STABLE,28/02/2012
RO,Romania,BB+,STABLE,Baa3,STABLE,BBB-,STABLE,01/2012
RO,Romania,BB+,STABLE,Baa3,STABLE,BBB-,STABLE,12/2011
RO,Romania,BB+,STABLE,Baa3,STABLE,BBB-,STABLE,09/2011
RO,Romania,BB+,STABLE,Baa3,STABLE,BB+,STABLE,04/2010
RU,Russia,BBB,STA,Baa1,STA,BBB,STA,03/2013
RU,Russia,BBB,STABLE,Baa1,STABLE,BBB,STABLE,03/01/2013
RU,Russia,BBB,STABLE,Baa1,STABLE,BBB,STABLE,12/10/2012
RU,Russia,BBB,STABLE,Baa1,STABLE,BBB,STABLE,26/07/2012
RU,Russia,BBB,STABLE,Baa1,STABLE,BBB,POSITIVE,08/06/2012
RU,Russia,BBB,STABLE,Baa1,STABLE,BBB,POSITIVE,15/03/2012
RU,Russia,BBB,STABLE,Baa1,STABLE,BBB,POSITIVE,28/02/2012
RU,Russia,BBB,STABLE,Baa1,STABLE,BBB,POSITIVE,01/2012
RU,Russia,BBB,STABLE,Baa1,STABLE,BBB,POSITIVE,12/2011
RU,Russia,BBB,STABLE,Baa1,STABLE,BBB,POSITIVE,09/2011
RU,Russia,BBB,STABLE,Baa1,STABLE,BBB,POSITIVE,04/2010
RW,Rwanda,B,STA,,,B,STA,03/2013
RW,Rwanda,B,STABLE,,,B,STABLE,03/01/2013
RW,Rwanda,B,,,,B,STABLE,12/10/2012
RW,Rwanda,,,,,B,STABLE,26/07/2012
RW,Rwanda,B,POSITIVE,,,B,STABLE,08/06/2012
RW,Rwanda,B,POSITIVE,,,B,STABLE,15/03/2012
RW,Rwanda,B,POSITIVE,,,B,STABLE,28/02/2012
RW,Rwanda,B,POSITIVE,,,B,STABLE,01/2012
RW,Rwanda,,,,,B,STABLE,12/2011
RW,Rwanda,,,,,B,STABLE,09/2011
SM,San Marino,,,,,BBB+,NEGATIVE,12/10/2012
SM,San Marino,,,,,BBB+,NEGATIVE,26/07/2012
SM,San Marino,,,,,A,NEGATIVE,08/06/2012
SM,San Marino,,,,,A,NEGATIVE,15/03/2012
SM,San Marino,,,,,A,NEGATIVE,28/02/2012
SM,San Marino,,,,,A,NEGATIVE,01/2012
SM,San Marino,,,,,A,NEGATIVE,12/2011
SM,San Marino,,,,,A,NEGATIVE,09/2011
SA,Saudi Arabia,AA-,STA,Aa3,STA,AA-,STA,03/2013
SA,Saudi Arabia,AA-,STABLE,Aa3,STABLE,AA-,STABLE,03/01/2013
SA,Saudi Arabia,AA-,STABLE,Aa3,STABLE,AA-,STABLE,12/10/2012
SA,Saudi Arabia,AA-,STABLE,Aa3,STABLE,AA-,STABLE,26/07/2012
SA,Saudi Arabia,AA-,STABLE,Aa3,STABLE,AA-,STABLE,08/06/2012
SA,Saudi Arabia,AA-,STABLE,Aa3,STABLE,AA-,STABLE,15/03/2012
SA,Saudi Arabia,AA-,STABLE,Aa3,STABLE,AA-,STABLE,28/02/2012
SA,Saudi Arabia,AA-,STABLE,Aa3,STABLE,AA-,STABLE,01/2012
SA,Saudi Arabia,AA-,STABLE,Aa3,STABLE,AA-,STABLE,12/2011
SA,Saudi Arabia,AA-,STABLE,Aa3,STABLE,AA-,STABLE,09/2011
SA,Saudi Arabia,AA-,STABLE,Aa3,STABLE,AA-,STABLE,04/2010
SN,Senegal,B+,NEG,B1,STA,,,03/2013
SN,Senegal,B+,NEGATIVE,B1,STABLE,,,03/01/2013
SN,Senegal,B+,NEGATIVE,B1,STABLE,,,12/10/2012
SN,Senegal,B+,NEGATIVE,B1,STABLE,,,26/07/2012
SN,Senegal,B+,NEGATIVE,B1,STABLE,,,08/06/2012
SN,Senegal,B+,NEGATIVE,B1,STABLE,,,15/03/2012
SN,Senegal,B+,NEGATIVE,B1,STABLE,,,28/02/2012
SN,Senegal,B+,NEGATIVE,B1,STABLE,,,01/2012
SN,Senegal,B+,NEGATIVE,B1,STABLE,,,12/2011
SN,Senegal,B+,NEGATIVE,B1,STABLE,,,09/2011
SN,Senegal,B+,NEGATIVE,,,,,04/2010
RS,Serbia,BB-,NEG,,,BB-,NEG,03/2013
RS,Serbia,BB-,NEGATIVE,,,BB-,NEGATIVE,03/01/2013
RS,Serbia,BB-,NEGATIVE,,,BB-,NEGATIVE,12/10/2012
RS,Serbia,BB,STABLE,,,BB-,STABLE,26/07/2012
RS,Serbia,BB,STABLE,,,BB-,STABLE,08/06/2012
RS,Serbia,BB,STABLE,,,BB-,STABLE,15/03/2012
RS,Serbia,BB,STABLE,,,BB-,STABLE,28/02/2012
RS,Serbia,BB,STABLE,,,BB-,STABLE,01/2012
RS,Serbia,BB,STABLE,,,BB-,STABLE,12/2011
RS,Serbia,BB,STABLE,,,BB-,STABLE,09/2011
RS,Serbia,BB-,STABLE,,,BB-,STABLE,04/2010
SC,Seychelles,,,,,B,POS,03/2013
SC,Seychelles,NR,,,,B,STABLE,03/01/2013
SC,Seychelles,,,,,B,STABLE,12/10/2012
SC,Seychelles,,,,,B,STABLE,26/07/2012
SC,Seychelles,,,,,B,STABLE,08/06/2012
SC,Seychelles,,,,,B,STABLE,15/03/2012
SC,Seychelles,,,,,B,STABLE,28/02/2012
SC,Seychelles,,,,,B,STABLE,01/2012
SC,Seychelles,,,,,B,STABLE,12/2011
SC,Seychelles,,,,,B,STABLE,09/2011
SG,Singapore,AAA,STA,Aaa,STA,AAA,STA,03/2013
SG,Singapore,AAA,STABLE,Aaa,STABLE,AAA,STABLE,03/01/2013
SG,Singapore,AAA,STABLE,Aaa,STABLE,AAA,STABLE,12/10/2012
SG,Singapore,AAA,STABLE,Aaa,STABLE,AAA,STABLE,26/07/2012
SG,Singapore,AAA,STABLE,Aaa,STABLE,AAA,STABLE,08/06/2012
SG,Singapore,AAA,STABLE,Aaa,STABLE,AAA,STABLE,15/03/2012
SG,Singapore,AAA,STABLE,Aaa,STABLE,AAA,STABLE,28/02/2012
SG,Singapore,AAA,STABLE,Aaa,STABLE,AAA,STABLE,01/2012
SG,Singapore,AAA,STABLE,Aaa,STABLE,AAA,STABLE,12/2011
SG,Singapore,AAA,STABLE,Aaa,STABLE,AAA,STABLE,09/2011
SG,Singapore,AAA,STABLE,Aaa,STABLE,AAA,STABLE,04/2010
SK,Slovak Republic,A,STABLE,A2,NEGATIVE,A+,STABLE,26/07/2012
SK,Slovak Republic,A,NEGATIVE,A2,NEGATIVE,A+,STABLE,08/06/2012
SK,Slovak Republic,A,NEGATIVE,A2,NEGATIVE,A+,STABLE,15/03/2012
SK,Slovak Republic,A,NEGATIVE,A2,NEGATIVE,A+,STABLE,28/02/2012
SK,Slovak Republic,A,NEGATIVE,A1,STABLE,A+,STABLE,01/2012
SK,Slovak Republic,A+,WATCH NEGATIVE,A1,STABLE,A+,STABLE,12/2011
SK,Slovak Republic,A+,STABLE,A1,STABLE,A+,STABLE,09/2011
SK,Slovak Republic,A+,STABLE,A1,STABLE,A+,STABLE,04/2010
SK,Slovakia,A,STA,A2,NEG,A+,STA,03/2013
SK,Slovakia,A,STABLE,A2,NEGATIVE,A+,STABLE,03/01/2013
SK,Slovakia,A,STABLE,A2,NEGATIVE,A+,STABLE,12/10/2012
SI,Slovenia,A-,STA,Baa2,NEG,A-,NEG,03/2013
SI,Slovenia,A,CreditWatch Negative,Baa2,NEGATIVE,A-,NEGATIVE,03/01/2013
SI,Slovenia,A,NEGATIVE,Baa2,NEGATIVE,A-,NEGATIVE,12/10/2012
SI,Slovenia,A+,NEGATIVE,A2,NEGATIVE,A,NEGATIVE,26/07/2012
SI,Slovenia,A+,NEGATIVE,A2,NEGATIVE,AA-,NEGATIVE,08/06/2012
SI,Slovenia,A+,NEGATIVE,A2,NEGATIVE,AA-,NEGATIVE,15/03/2012
SI,Slovenia,A+,NEGATIVE,A2,NEGATIVE,AA-,NEGATIVE,28/02/2012
SI,Slovenia,A+,NEGATIVE,Aa3,RUR-,AA-,NEGATIVE,01/2012
SI,Slovenia,,,Aa3,RUR-,AA-,NEGATIVE,12/2011
SI,Slovenia,AA,NEGATIVE,Aa2,STABLE,AA,STABLE,09/2011
SI,Slovenia,AA,NEGATIVE,Aa2,STABLE,AA,STABLE,04/2010
ZA,South Africa,BBB,NEG,Baa1,NEG,BBB,STA,03/2013
ZA,South Africa,BBB,NEGATIVE,Baa1,NEGATIVE,BBB+,NEGATIVE,03/01/2013
ZA,South Africa,BBB+,STABLE,Baa1,NEGATIVE,BBB+,NEGATIVE,12/10/2012
ZA,South Africa,BBB+,STABLE,A3,NEGATIVE,BBB+,NEGATIVE,26/07/2012
ZA,South Africa,BBB+,STABLE,A3,NEGATIVE,BBB+,STABLE,08/06/2012
ZA,South Africa,BBB+,STABLE,A3,NEGATIVE,BBB+,STABLE,15/03/2012
ZA,South Africa,BBB+,STABLE,A3,NEGATIVE,BBB+,STABLE,28/02/2012
ZA,South Africa,BBB+,STABLE,A3,NEGATIVE,BBB+,STABLE,01/2012
ZA,South Africa,BBB+,STABLE,A3,NEGATIVE,BBB+,STABLE,12/2011
ZA,South Africa,BBB+,STABLE,A3,STABLE,BBB+,STABLE,09/2011
ZA,South Africa,BBB+,STABLE,A3,STABLE,BBB+,STABLE,04/2010
KR,South Korea,A+,STABLE,,,AA-,STABLE,12/10/2012
KR,South Korea,A,STABLE,,,A+,POSITIVE,26/07/2012
KR,South Korea,,,,,,,08/06/2012
KR,South Korea,,,,,,,15/03/2012
KR,South Korea,,,,,,,28/02/2012
KR,South Korea,,,,,,,01/2012
KR,South Korea,,,,,,,12/2011
KR,South Korea,,,,,,,09/2011
KR,South Korea,A,STABLE,A1,STABLE,A+,STABLE,04/2010
ES,Spain,BBB-,NEG,Baa3,NEG,BBB,NEG,03/2013
ES,Spain,BBB-,NEGATIVE,Baa3,NEGATIVE,BBB,NEGATIVE,03/01/2013
ES,Spain,BBB-,NEGATIVE,Baa3,UNDER REVIEW,BBB,NEGATIVE,12/10/2012
ES,Spain,BBB+,NEGATIVE,Baa3,UNDER REVIEW,BBB,NEGATIVE,26/07/2012
ES,Spain,A,NEGATIVE,A3,NEGATIVE,BBB,NEGATIVE,08/06/2012
ES,Spain,A,NEGATIVE,A3,NEGATIVE,AA-,NEGATIVE,15/03/2012
ES,Spain,A,NEGATIVE,A3,NEGATIVE,AA-,NEGATIVE,28/02/2012
ES,Spain,A,NEGATIVE,A1,NEGATIVE,AA-,NEGATIVE,01/2012
ES,Spain,AA-,NEGATIVE,A1,NEGATIVE,AA-,NEGATIVE,12/2011
ES,Spain,AA,NEGATIVE,Aa2,UNDER REVIEW,AA+,NEGATIVE,09/2011
ES,Spain,AA,NEGATIVE,Aa1,RUR-,AA+,NEGATIVE,04/2010
LK,Sri Lanka,B+,STA,B1,POS,BB-,STA,03/2013
LK,Sri Lanka,B+,STABLE,B1,POSITIVE,BB-,STABLE,03/01/2013
LK,Sri Lanka,B+,STABLE,B1,POSITIVE,BB-,STABLE,12/10/2012
LK,Sri Lanka,B+,STABLE,B1,POSITIVE,BB-,STABLE,26/07/2012
LK,Sri Lanka,B+,POSITIVE,B1,POSITIVE,BB-,STABLE,08/06/2012
LK,Sri Lanka,B+,POSITIVE,B1,POSITIVE,BB-,STABLE,15/03/2012
LK,Sri Lanka,B+,POSITIVE,B1,POSITIVE,BB-,STABLE,28/02/2012
LK,Sri Lanka,B+,POSITIVE,B1,POSITIVE,BB-,STABLE,01/2012
LK,Sri Lanka,B+,POSITIVE,B1,POSITIVE,BB-,STABLE,12/2011
LK,Sri Lanka,B+,POSITIVE,B1,POSITIVE,BB-,STABLE,09/2011
LK,Sri Lanka,B+,STABLE,B1,STABLE,B+,POSITIVE,04/2010
SX,St. Maarten,,,Baa1,STA,,,03/2013
SX,St. Maarten,,,Baa1,STABLE,,,03/01/2013
VC,St. Vincent & the Grenadines,,,B2,STA,,,03/2013
VC,St. Vincent & the Grenadines,,,B2,STABLE,,,03/01/2013
SR,Suriname,BB-,STA,Ba3,POS,BB-,STA,03/2013
SR,Suriname,BB-,STABLE,Ba3,POSITIVE,BB-,STABLE,03/01/2013
SR,Suriname,BB-,STABLE,Ba3,POSITIVE,BB-,STABLE,12/10/2012
SR,Suriname,BB-,STABLE,B1,STABLE,BB-,STABLE,26/07/2012
SR,Suriname,BB-,STABLE,B1,STABLE,B+,STABLE,08/06/2012
SR,Suriname,BB-,STABLE,B1,STABLE,B+,STABLE,15/03/2012
SR,Suriname,BB-,STABLE,B1,STABLE,B+,STABLE,28/02/2012
SR,Suriname,BB-,STABLE,B1,STABLE,B+,STABLE,01/2012
SR,Suriname,BB-,STABLE,B1,STABLE,B+,STABLE,12/2011
SR,Suriname,B+,POSITIVE,B1,STABLE,B,POSITIVE,09/2011
SR,Suriname,B+,POSITIVE,B1,STABLE,B,POSITIVE,04/2010
SE,Sweden,AAA,STA,Aaa,STA,AAA,STA,03/2013
SE,Sweden,AAA,STABLE,Aaa,STABLE,AAA,STABLE,03/01/2013
SE,Sweden,AAA,STABLE,Aaa,STABLE,AAA,STABLE,12/10/2012
SE,Sweden,AAA,STABLE,Aaa,STABLE,AAA,STABLE,26/07/2012
SE,Sweden,AAA,STABLE,Aaa,STABLE,AAA,STABLE,08/06/2012
SE,Sweden,AAA,STABLE,Aaa,STABLE,AAA,STABLE,15/03/2012
SE,Sweden,AAA,STABLE,Aaa,STABLE,AAA,STABLE,28/02/2012
SE,Sweden,AAA,STABLE,Aaa,STABLE,AAA,STABLE,01/2012
SE,Sweden,AAA,STABLE,Aaa,STABLE,AAA,STABLE,12/2011
SE,Sweden,AAA,STABLE,Aaa,STABLE,AAA,STABLE,09/2011
SE,Sweden,AAA,STABLE,Aaa,STABLE,AAA,STABLE,04/2010
CH,Switzerland,AAA,STA,Aaa,STA,AAA,STA,03/2013
CH,Switzerland,AAA,STABLE,Aaa,STABLE,AAA,STABLE,03/01/2013
CH,Switzerland,AAA,STABLE,Aaa,STABLE,AAA,STABLE,12/10/2012
CH,Switzerland,AAA,STABLE,Aaa,STABLE,AAA,STABLE,26/07/2012
CH,Switzerland,AAA,STABLE,Aaa,STABLE,AAA,STABLE,08/06/2012
CH,Switzerland,AAA,STABLE,Aaa,STABLE,AAA,STABLE,15/03/2012
CH,Switzerland,AAA,STABLE,Aaa,STABLE,AAA,STABLE,28/02/2012
CH,Switzerland,AAA,STABLE,Aaa,STABLE,AAA,STABLE,01/2012
CH,Switzerland,AAA,STABLE,Aaa,STABLE,AAA,STABLE,12/2011
CH,Switzerland,AAA,STABLE,Aaa,STABLE,AAA,STABLE,09/2011
CH,Switzerland,AAA,STABLE,Aaa,STABLE,AAA,STABLE,04/2010
SY,Taiwan,AA-,STA,Aa3,STA,A+,STA,03/2013
SY,Taiwan,AA-,STABLE,Aa3,STABLE,A+,STABLE,03/01/2013
SY,Taiwan,AA-,STABLE,Aa3,STABLE,A+,STABLE,12/10/2012
SY,Taiwan,AA-,STABLE,Aa3,STABLE,A+,STABLE,26/07/2012
SY,Taiwan,AA-,STABLE,Aa3,STABLE,A+,STABLE,08/06/2012
SY,Taiwan,AA-,STABLE,Aa3,STABLE,A+,STABLE,15/03/2012
SY,Taiwan,AA-,STABLE,Aa3,STABLE,A+,STABLE,28/02/2012
SY,Taiwan,AA-,STABLE,Aa3,STABLE,A+,STABLE,01/2012
SY,Taiwan,AA-,STABLE,Aa3,STABLE,A+,STABLE,12/2011
SY,Taiwan,AA-,STABLE,Aa3,STABLE,A+,STABLE,09/2011
SY,Taiwan,AA-,STABLE,Aa3,STABLE,A+,STABLE,04/2010
TH,Thailand,BBB+,STA,Baa1,STA,BBB,STA,03/2013
TH,Thailand,BBB+,STABLE,Baa1,STABLE,BBB,STABLE,03/01/2013
TH,Thailand,BBB+,STABLE,Baa1,STABLE,BBB,STABLE,12/10/2012
TH,Thailand,BBB+,STABLE,Baa1,STABLE,BBB,STABLE,26/07/2012
TH,Thailand,BBB+,STABLE,Baa1,STABLE,BBB,STABLE,08/06/2012
TH,Thailand,BBB+,STABLE,Baa1,STABLE,BBB,STABLE,15/03/2012
TH,Thailand,BBB+,STABLE,Baa1,STABLE,BBB,STABLE,28/02/2012
TH,Thailand,BBB+,STABLE,Baa1,STABLE,BBB,STABLE,01/2012
TH,Thailand,BBB+,STABLE,Baa1,STABLE,BBB,STABLE,12/2011
TH,Thailand,BBB+,STABLE,Baa1,STABLE,BBB,STABLE,09/2011
TH,Thailand,A-,STABLE,Baa1,STABLE,BBB,STABLE,04/2010
TO,Trinidad & Tobago,A,STABLE,Baa1,STABLE,,,12/10/2012
TO,Trinidad & Tobago,A,STABLE,Baa1,STABLE,,,26/07/2012
TO,Trinidad & Tobago,A,STABLE,Baa1,STABLE,,,08/06/2012
TO,Trinidad & Tobago,A,STABLE,Baa1,STABLE,,,15/03/2012
TO,Trinidad & Tobago,A,STABLE,Baa1,STABLE,,,28/02/2012
TO,Trinidad & Tobago,A,STABLE,Baa1,STABLE,,,01/2012
TO,Trinidad & Tobago,,,Baa1,STABLE,,,12/2011
TO,Trinidad & Tobago,A,STABLE,Baa1,STABLE,,,09/2011
TO,Trinidad & Tobago,A,STABLE,Baa1,STABLE,,,04/2010
TO,Trinidad & Tobago,A,STA,Baa1,STA,,,03/2013
TO,Trinidad & Tobago,A,STABLE,Baa1,STABLE,,,03/01/2013
TN,Tunisia,BB-,NEG,Baa3,NEG,BB+,NEG,03/2013
TN,Tunisia,BB,STABLE,Baa3,NEGATIVE,BB+,NEGATIVE,03/01/2013
TN,Tunisia,BB,STABLE,Baa3,NEGATIVE,BBB-,NEGATIVE,12/10/2012
TN,Tunisia,BB,STABLE,Baa3,NEGATIVE,BBB-,NEGATIVE,26/07/2012
TN,Tunisia,BBB-,NEGATIVE,Baa3,NEGATIVE,BBB-,NEGATIVE,08/06/2012
TN,Tunisia,BBB-,NEGATIVE,Baa3,NEGATIVE,BBB-,NEGATIVE,15/03/2012
TN,Tunisia,BBB-,NEGATIVE,Baa3,NEGATIVE,BBB-,NEGATIVE,28/02/2012
TN,Tunisia,BBB-,NEGATIVE,Baa3,NEGATIVE,BBB-,NEGATIVE,01/2012
TN,Tunisia,BBB-,NEGATIVE,Baa3,NEGATIVE,BBB-,NEGATIVE,12/2011
TN,Tunisia,BBB-,NEGATIVE,Baa3,NEGATIVE,BBB-,NEGATIVE,09/2011
TN,Tunisia,BBB,NEGATIVE,Baa3,NEGATIVE,BBB,NEGATIVE,04/2010
TR,Turkey,BB,STA,Ba1,POS,BBB-,STA,03/2013
TR,Turkey,BB,STABLE,Ba1,POSITIVE,BBB-,STABLE,03/01/2013
TR,Turkey,BB,STABLE,Ba1,POSITIVE,BB+,STABLE,12/10/2012
TR,Turkey,BB,STABLE,Ba1,POSITIVE,BB+,STABLE,26/07/2012
TR,Turkey,BB,POSITIVE,Ba2,POSITIVE,BB+,POSITIVE,08/06/2012
TR,Turkey,BB,POSITIVE,Ba2,POSITIVE,BB+,POSITIVE,15/03/2012
TR,Turkey,BB,POSITIVE,Ba2,POSITIVE,BB+,POSITIVE,28/02/2012
TR,Turkey,BB,POSITIVE,Ba2,POSITIVE,BB+,POSITIVE,01/2012
TR,Turkey,BB,POSITIVE,Ba2,POSITIVE,BB+,POSITIVE,12/2011
TR,Turkey,BB,POSITIVE,Ba2,POSITIVE,BB+,POSITIVE,09/2011
TR,Turkey,BB,POSITIVE,Ba2,POSITIVE,BB+,POSITIVE,04/2010
UG,Uganda,B+,NEG,,,B,STA,03/2013
UG,Uganda,B+,NEGATIVE,,,B,STABLE,03/01/2013
UG,Uganda,B+,STABLE,,,B,STABLE,12/10/2012
UG,Uganda,B+,STABLE,,,B,STABLE,26/07/2012
UG,Uganda,B+,STABLE,,,B,STABLE,08/06/2012
UG,Uganda,B+,STABLE,,,B,STABLE,15/03/2012
UG,Uganda,B+,STABLE,,,B,STABLE,28/02/2012
UG,Uganda,B+,STABLE,,,B,STABLE,01/2012
UG,Uganda,B+,STABLE,,,B,STABLE,12/2011
UG,Uganda,B+,STABLE,,,B,POSITIVE,09/2011
UG,Uganda,B+,STABLE,,,B,POSITIVE,04/2010
UA,Ukraine,B,NEG,B3,NEG,B,STA,03/2013
UA,Ukraine,B,NEGATIVE,B3,NEGATIVE,B,STABLE,03/01/2013
UA,Ukraine,B+,NEGATIVE,B2,NEGATIVE,B,STABLE,12/10/2012
UA,Ukraine,B+,NEGATIVE,B2,NEGATIVE,B,STABLE,26/07/2012
UA,Ukraine,B+,STABLE,B2,STABLE,B,STABLE,08/06/2012
UA,Ukraine,B+,STABLE,B2,STABLE,B,STABLE,15/03/2012
UA,Ukraine,B+,STABLE,B2,STABLE,B,STABLE,28/02/2012
UA,Ukraine,B+,STABLE,B2,STABLE,B,STABLE,01/2012
UA,Ukraine,,,B2,STABLE,B,STABLE,12/2011
UA,Ukraine,B+,STABLE,B2,STABLE,B,POSITIVE,09/2011
UA,Ukraine,B+,STABLE,B2,STABLE,B,STABLE,04/2010
AEAZ,United Arab Emirates (Abu Dhabi),AA,STABLE,Aa2,STABLE,AA,STABLE,12/10/2012
AEAZ,United Arab Emirates (Abu Dhabi),AA,STABLE,Aa2,STABLE,AA,STABLE,26/07/2012
AEAZ,United Arab Emirates (Abu Dhabi),AA,STABLE,Aa2,STABLE,AA,STABLE,08/06/2012
AEAZ,United Arab Emirates (Abu Dhabi),AA,STABLE,Aa2,STABLE,AA,STABLE,15/03/2012
AEAZ,United Arab Emirates (Abu Dhabi),AA,STABLE,Aa2,STABLE,AA,STABLE,28/02/2012
AEAZ,United Arab Emirates (Abu Dhabi),AA,STABLE,Aa2,STABLE,AA,STABLE,01/2012
AEAZ,United Arab Emirates (Abu Dhabi),,,Aa2,STABLE,AA,STABLE,12/2011
AEAZ,United Arab Emirates (Abu Dhabi),AA,STABLE,Aa2,STABLE,AA,STABLE,09/2011
AEAZ,United Arab Emirates (Abu Dhabi),,,Aa2,STABLE,AA,STABLE,04/2010
AERK,United Arab Emirates (Emirate of Ras Al Khaimah),A,STABLE,,,A,STABLE,12/10/2012
AERK,United Arab Emirates (Emirate of Ras Al Khaimah),A,STABLE,,,A,STABLE,26/07/2012
AERK,United Arab Emirates (Emirate of Ras Al Khaimah),A,STABLE,Aa2,STABLE,,,08/06/2012
AERK,United Arab Emirates (Emirate of Ras Al Khaimah),A,STABLE,Aa2,STABLE,,,15/03/2012
AERK,United Arab Emirates (Emirate of Ras Al Khaimah),A,STABLE,Aa2,STABLE,,,28/02/2012
AERK,United Arab Emirates (Emirate of Ras Al Khaimah),A,STABLE,Aa2,STABLE,,,01/2012
AERK,United Arab Emirates (Emirate of Ras Al Khaimah),,,Aa2,STABLE,,,12/2011
AERK,United Arab Emirates (Emirate of Ras Al Khaimah),,,Aa2,STABLE,,,09/2011
AERK,United Arab Emirates (Emirate of Ras Al Khaimah),,,Aa2,STABLE,A,STABLE,04/2010
GB,United Kingdom,AAA,NEG,Aa1,STA,AAA,NEG,03/2013
GB,United Kingdom,AAA,NEGATIVE,Aaa,NEGATIVE,AAA,NEGATIVE,03/01/2013
GB,United Kingdom,AAA,STABLE,Aaa,NEGATIVE,AAA,NEGATIVE,12/10/2012
GB,United Kingdom,AAA,STABLE,Aaa,NEGATIVE,AAA,NEGATIVE,26/07/2012
GB,United Kingdom,AAA,STABLE,Aaa,NEGATIVE,AAA,NEGATIVE,08/06/2012
GB,United Kingdom,AAA,STABLE,Aaa,NEGATIVE,AAA,NEGATIVE,15/03/2012
GB,United Kingdom,AAA,STABLE,Aaa,NEGATIVE,AAA,STABLE,28/02/2012
GB,United Kingdom,AAA,STABLE,Aaa,STABLE,AAA,STABLE,01/2012
GB,United Kingdom,AAA,STABLE,Aaa,STABLE,AAA,STABLE,12/2011
GB,United Kingdom,AAA,STABLE,Aaa,STABLE,AAA,STABLE,09/2011
GB,United Kingdom,AAA,NEGATIVE,Aaa,STABLE,AAA,STABLE,04/2010
US,United States of America,AA+,NEGATIVE,Aaa,NEGATIVE,AAA,NEGATIVE,12/10/2012
US,United States of America,AA+,NEGATIVE,Aaa,NEGATIVE,AAA,NEGATIVE,26/07/2012
US,United States of America,AA+,NEGATIVE,Aaa,NEGATIVE,AAA,STABLE,08/06/2012
US,United States of America,AA+,NEGATIVE,Aaa,NEGATIVE,AAA,STABLE,15/03/2012
US,United States of America,AA+,NEGATIVE,Aaa,NEGATIVE,AAA,STABLE,28/02/2012
US,United States of America,AA+,NEGATIVE,Aaa,NEGATIVE,AAA,STABLE,01/2012
US,United States of America,AA+,NEGATIVE,Aaa,NEGATIVE,AAA,STABLE,12/2011
US,United States of America,AA+,NEGATIVE,Aaa,UNDER REVIEW,AAA,STABLE,09/2011
US,United States of America,AAA,STABLE,Aaa,STABLE,AAA,STABLE,04/2010
US,United States of America,AA+,NEG,Aaa,NEG,,,03/2013
US,United States of America,AA+,NEGATIVE,Aaa,NEGATIVE,,,03/01/2013
UY,Uruguay,BBB-,STA,Baa3,POS,BB+,POS,03/2013
UY,Uruguay,BBB-,STABLE,Baa3,POSITIVE,BB+,POSITIVE,03/01/2013
UY,Uruguay,BBB-,STABLE,Baa3,POSITIVE,BB+,POSITIVE,12/10/2012
UY,Uruguay,BBB-,STABLE,Ba1,POSITIVE,BB+,POSITIVE,26/07/2012
UY,Uruguay,BB+,STABLE,Ba1,STABLE,BB,POSITIVE,08/06/2012
UY,Uruguay,BB+,STABLE,Ba1,STABLE,BB,POSITIVE,15/03/2012
UY,Uruguay,BB+,STABLE,Ba1,STABLE,BB,POSITIVE,28/02/2012
UY,Uruguay,BB+,STABLE,Ba1,STABLE,BB,POSITIVE,01/2012
UY,Uruguay,BB+,STABLE,Ba1,STABLE,BB,POSITIVE,12/2011
UY,Uruguay,BB+,STABLE,Ba1,STABLE,BB,POSITIVE,09/2011
UY,Uruguay,BB-,STABLE,Ba1,STABLE,BB,POSITIVE,04/2010
VU,Venezuela,B+,STA,B2,NEG,B+,NEG,03/2013
VU,Venezuela,B+,STABLE,B2,STABLE,B+,NEGATIVE,03/01/2013
VU,Venezuela,B+,,B2,STABLE,B+,NEGATIVE,12/10/2012
VU,Venezuela,,,B2,STABLE,B+,NEGATIVE,26/07/2012
VU,Venezuela,B+,STABLE,B2,STABLE,B+,STABLE,08/06/2012
VU,Venezuela,B+,STABLE,B2,STABLE,B+,STABLE,15/03/2012
VU,Venezuela,B+,STABLE,B2,STABLE,B+,STABLE,28/02/2012
VU,Venezuela,B+,STABLE,B2,STABLE,B+,STABLE,01/2012
VU,Venezuela,BB-,STABLE,B2,STABLE,B+,STABLE,12/2011
VU,Venezuela,BB-,STABLE,B2,STABLE,B+,STABLE,09/2011
VU,Venezuela,BB-,STABLE,B2,STABLE,B+,STABLE,04/2010
VN,Vietnam,BB-,STA,B2,STA,B+,STA,03/2013
VN,Vietnam,BB-,STABLE,B2,STABLE,B+,STABLE,03/01/2013
VN,Vietnam,BB-,STABLE,B2,STABLE,B+,STABLE,12/10/2012
VN,Vietnam,BB-,STABLE,B1,NEGATIVE,B+,STABLE,26/07/2012
VN,Vietnam,BB-,NEGATIVE,B1,NEGATIVE,B+,STABLE,08/06/2012
VN,Vietnam,BB-,NEGATIVE,B1,NEGATIVE,B+,STABLE,15/03/2012
VN,Vietnam,BB-,NEGATIVE,B1,NEGATIVE,B+,STABLE,28/02/2012
VN,Vietnam,BB-,NEGATIVE,B1,NEGATIVE,B+,STABLE,01/2012
VN,Vietnam,,,B1,NEGATIVE,B+,STABLE,12/2011
VN,Vietnam,BB-,NEGATIVE,B1,NEGATIVE,B+,STABLE,09/2011
VN,Vietnam,BB-,NEGATIVE,B1,NEGATIVE,B+,STABLE,04/2010
ZW,Zambia,B+,STA,B1,STA,B+,NEG,03/2013
ZW,Zambia,B+,STABLE,B1,STABLE,B+,NEGATIVE,03/01/2013
ZW,Zambia,B+,STABLE,,,B+,NEGATIVE,12/10/2012
ZW,Zambia,B+,STABLE,,,B+,NEGATIVE,26/07/2012
ZW,Zambia,B+,STABLE,,,B+,STABLE,08/06/2012
ZW,Zambia,B+,STABLE,,,B+,STABLE,15/03/2012
ZW,Zambia,B+,STABLE,,,B+,STABLE,28/02/2012
ZW,Zambia,B+,STABLE,,,B+,STABLE,01/2012
ZW,Zambia,B+,STABLE,,,B+,STABLE,12/2011
ZW,Zambia,B+,STABLE,,,B+,STABLE,09/2011